Album,Artist,Genre,Score,Best New Music,Reviewer,Reviewer Detail,Date,URL
Concrete and Gold,Foo Fighters,Rock,6.5,,Jayson Greene,Contributing Editor,"Mon, 18 Sep 2017 05:00:00 GMT",/reviews/albums/foo-fighters-concrete-and-gold/
Buy Muy Drugs,Buy Muy Drugs,Rap,6.8,,Marcus J. Moore,Contributor,"Mon, 18 Sep 2017 05:00:00 GMT",/reviews/albums/buy-muy-drugs-buy-muy-drugs/
Existence Problem EP,Marius,Electronic,7.1,,Philip Sherburne,Contributing Editor,"Mon, 18 Sep 2017 05:00:00 GMT",/reviews/albums/marius-existence-problem-ep/
Parallels,Nosaj Thing,Electronic,6.4,,Nina Corcoran,Contributor,"Mon, 18 Sep 2017 05:00:00 GMT",/reviews/albums/nosaj-thing-parallels/
White Pony,Deftones,"Metal, Rock",8.4,,Ian Cohen,Contributor,"Sun, 17 Sep 2017 05:00:00 GMT",/reviews/albums/deftones-white-pony/
Half-Light,Rostam,Pop/R&B,7.2,,Ryan Dombal,Senior Editor,"Sat, 16 Sep 2017 05:00:00 GMT",/reviews/albums/rostam-half-light/
Event Horizon,The Necessaries,Experimental,8.3,Best new reissue,Thea Ballard,Contributor,"Sat, 16 Sep 2017 05:00:00 GMT",/reviews/albums/the-necessaries-event-horizon/
Akira (Symphonic Suite),Geinoh Yamashirogumi,Experimental,8.4,Best new reissue,Kevin Lozano,Tracks Coordinator,"Sat, 16 Sep 2017 05:00:00 GMT",/reviews/albums/geinoh-yamashirogumi-akira-symphonic-suite/
Discussions,Roscoe Mitchell,Jazz,7.8,,Seth Colter Walls,Contributor,"Sat, 16 Sep 2017 05:00:00 GMT",/reviews/albums/roscoe-mitchell-discussions/
The Aviary,Galantis,Electronic,6.4,,Brad Shoup,Contributor,"Sat, 16 Sep 2017 05:00:00 GMT",/reviews/albums/galantis-the-aviary/
Dedicated to Bobby Jameson,Ariel Pink,Rock,8.2,Best new music,Sam Sodomsky,Associate Staff Writer,"Fri, 15 Sep 2017 05:00:00 GMT",/reviews/albums/ariel-pink-dedicated-to-bobby-jameson/
Blue Velvet (Original Motion Picture Soundtrack),Angelo Badalamenti,Experimental,8.0,,Meaghan Garvey,Contributor,"Fri, 15 Sep 2017 05:00:00 GMT",/reviews/albums/angelo-badalamenti-blue-velvet-original-motion-picture-soundtrack/
Wide Open,Michael McDonald,Rock,5.8,,Eric Harvey,Contributor,"Fri, 15 Sep 2017 05:00:00 GMT",/reviews/albums/michael-mcdonald-wide-open/
Souvenirs,Shenandoah Davis,Pop/R&B,7.6,,Cameron Cook,Contributor,"Fri, 15 Sep 2017 05:00:00 GMT",/reviews/albums/shenandoah-davis-souvenirs/
Communicating,Hundred Waters,Electronic,7.5,,Jamieson Cox,Contributor,"Thu, 14 Sep 2017 05:00:00 GMT",/reviews/albums/hundred-waters-communicating/
Deer Tick Vol. 1,Deer Tick,Rock,6.6,,Saby Reyes-Kulkarni,Contributor,"Thu, 14 Sep 2017 05:00:00 GMT",/reviews/albums/deer-tick-deer-tick-vol-1-deer-tick-vol-2/
Deer Tick Vol. 2 ,Deer Tick,Rock,7.0,,Saby Reyes-Kulkarni,Contributor,"Thu, 14 Sep 2017 05:00:00 GMT",/reviews/albums/deer-tick-deer-tick-vol-1-deer-tick-vol-2/
Ardor,BIG|BRAVE,Metal,7.6,,Louis Pattison,Contributor,"Thu, 14 Sep 2017 05:00:00 GMT",/reviews/albums/bigorbrave-ardor/
Running Back Mastermix,Tony Humphries,Electronic,7.3,,Ben Cardew,Contributor,"Thu, 14 Sep 2017 05:00:00 GMT",/reviews/albums/tony-humphries-running-back-mastermix/
Native Invader,Tori Amos,Rock,7.5,,Maura Johnston,Contributor,"Wed, 13 Sep 2017 05:00:00 GMT",/reviews/albums/tori-amos-native-invader/
CCCLX,Lunice,Electronic,5.7,,Kevin Lozano,Tracks Coordinator,"Wed, 13 Sep 2017 05:00:00 GMT",/reviews/albums/lunice-ccclx/
The Gradual Progression,Greg Fox,Experimental,7.7,,Matthew Schnipper,Managing Editor,"Wed, 13 Sep 2017 05:00:00 GMT",/reviews/albums/greg-fox-the-gradual-progression/
Hippopotamus,Sparks,"Electronic, Experimental, Rock",7.1,,Chris Randle,Contributor,"Wed, 13 Sep 2017 05:00:00 GMT",/reviews/albums/sparks-hippopotamus/
Hitchhiker,Neil Young,Rock,8.4,Best new reissue,Sam Sodomsky,Associate Staff Writer,"Tue, 12 Sep 2017 05:00:00 GMT",/reviews/albums/neil-young-hitchhiker/
1992 Deluxe,Princess Nokia,Rap,6.2,,Claire Lobenfeld,Contributor,"Tue, 12 Sep 2017 05:00:00 GMT",/reviews/albums/princess-nokia-1992-deluxe/
A Moment Apart,Odesza,Electronic,5.8,,Philip Sherburne,Contributing Editor,"Tue, 12 Sep 2017 05:00:00 GMT",/reviews/albums/odesza-a-moment-apart/
In Search of Lost Time,Partner,Rock,7.5,,Stuart Berman,Contributor,"Tue, 12 Sep 2017 05:00:00 GMT",/reviews/albums/partner-in-search-of-lost-time/
Love What Survives,Mount Kimbie,Electronic,8.4,Best new music,Andy Beta,Contributor,"Mon, 11 Sep 2017 05:00:00 GMT",/reviews/albums/mount-kimbie-love-what-survives/
The Hanged Man,Ted Leo,Rock,7.7,,Stuart Berman,Contributor,"Mon, 11 Sep 2017 05:00:00 GMT",/reviews/albums/ted-leo-the-hanged-man/
Outrage! Is Now,Death From Above,Rock,7.3,,Saby Reyes-Kulkarni,Contributor,"Mon, 11 Sep 2017 05:00:00 GMT",/reviews/albums/death-from-above-outrage-is-now/
Thx,Lomelda,Rock,8.0,,Sasha Geffen,Contributor,"Mon, 11 Sep 2017 05:00:00 GMT",/reviews/albums/lomelda-thx/
"MAKANDA at the End of Space, the Beginning of Time",Pierre Kwenders,Pop/R&B,7.9,,Jonathan Zwickel,Contributor,"Mon, 11 Sep 2017 05:00:00 GMT",/reviews/albums/pierre-kwenders-makanda-at-the-end-of-space-the-beginning-of-time/
Red,King Crimson,Rock,9.0,,Sam Sodomsky,Associate Staff Writer,"Sun, 10 Sep 2017 05:00:00 GMT",/reviews/albums/king-crimson-red/
How Did I Find Myself Here?,The Dream Syndicate,Rock,6.9,,David Chiu,Contributor,"Sat, 09 Sep 2017 05:00:00 GMT",/reviews/albums/the-dream-syndicate-how-did-i-find-myself-here/
Forced Witness,Alex Cameron,Rock,7.8,,Stuart Berman,Contributor,"Sat, 09 Sep 2017 05:00:00 GMT",/reviews/albums/alex-cameron-forced-witness/
Out of All This Blue,The Waterboys,Rock,6.3,,Stephen Thomas Erlewine,Contributor,"Sat, 09 Sep 2017 05:00:00 GMT",/reviews/albums/the-waterboys-out-of-all-this-blue/
Sleep Well Beast,The National,Rock,8.0,,Jayson Greene,Contributing Editor,"Fri, 08 Sep 2017 05:00:00 GMT",/reviews/albums/the-national-sleep-well-beast/
Fifth Harmony,Fifth Harmony,Pop/R&B,5.3,,Cameron Cook,Contributor,"Fri, 08 Sep 2017 05:00:00 GMT",/reviews/albums/fifth-harmony-fifth-harmony/
Mountain Moves,Deerhoof,Experimental,7.7,,Seth Colter Walls,Contributor,"Fri, 08 Sep 2017 05:00:00 GMT",/reviews/albums/deerhoof-mountain-moves/
I Can’t Stand It Here on Quiet Nights: Singles 1981-82,Maximum Joy,Rock,8.4,Best new reissue,Philip Sherburne,Contributing Editor,"Fri, 08 Sep 2017 05:00:00 GMT",/reviews/albums/maximum-joy-i-cant-stand-it-here-on-quiet-nights-singles-1981-82/
Antisocialites,Alvvays,Rock,7.3,,Marc Hogan,Senior Staff Writer,"Thu, 07 Sep 2017 05:00:00 GMT",/reviews/albums/alvvays-antisocialites/
The Echo of Pleasure,The Pains of Being Pure at Heart,Rock,6.8,,Paul Thompson,Contributor,"Thu, 07 Sep 2017 05:00:00 GMT",/reviews/albums/the-pains-of-being-pure-at-heart-the-echo-of-pleasure/
Ariadna,Kedr Livanskiy,Electronic,7.4,,Jesse Weiss,Contributor,"Thu, 07 Sep 2017 05:00:00 GMT",/reviews/albums/kedr-livanskiy-ariadna/
Death Valley Oasis,D33J,Electronic,6.8,,Jay Balfour,Contributor,"Thu, 07 Sep 2017 05:00:00 GMT",/reviews/albums/d33j-death-valley-oasis/
Okovi,Zola Jesus,Electronic,8.3,Best new music,Sasha Geffen,Contributor,"Wed, 06 Sep 2017 05:00:00 GMT",/reviews/albums/zola-jesus-okovi/
Saturation II,BROCKHAMPTON,Rap,7.2,,Matthew Strauss,Associate Editor,"Wed, 06 Sep 2017 05:00:00 GMT",/reviews/albums/brockhampton-saturation-ii/
Poor David’s Almanack,David Rawlings,Folk/Country,8.0,,Stephen M. Deusner,Contributor,"Wed, 06 Sep 2017 05:00:00 GMT",/reviews/albums/david-rawlings-poor-davids-almanack/
The Source,Tony Allen,Global,7.7,,Ben Cardew,Contributor,"Wed, 06 Sep 2017 05:00:00 GMT",/reviews/albums/tony-allen-the-source/
Twin Peaks (Music From the Limited Event Series),Various Artists,,7.5,,Calum Marsh,Contributor,"Tue, 05 Sep 2017 05:00:00 GMT",/reviews/albums/various-artists-twin-peaks-music-from-the-limited-event-series/
Every Country’s Sun,Mogwai,Rock,7.6,,John S.W. MacDonald,Contributor,"Tue, 05 Sep 2017 05:00:00 GMT",/reviews/albums/mogwai-every-countrys-sun/
Omnion,Hercules and Love Affair,"Electronic, Rock",7.7,,Cameron Cook,Contributor,"Tue, 05 Sep 2017 05:00:00 GMT",/reviews/albums/hercules-and-love-affair-omnion/
Superchunk,Superchunk,Rock,8.3,Best new reissue,Brian Howe,Contributor,"Tue, 05 Sep 2017 05:00:00 GMT",/reviews/albums/superchunk-superchunk/
Popeye: Original Motion Picture Soundtrack,Harry Nilsson,Rock,8.0,,Jayson Greene,Contributing Editor,"Mon, 04 Sep 2017 05:00:00 GMT",/reviews/albums/harry-nilsson-popeye-original-motion-picture-soundtrack/
Country Grammar,Nelly,Rap,8.1,,Paul A. Thompson,Contributor,"Sun, 03 Sep 2017 05:00:00 GMT",/reviews/albums/nelly-country-grammar/
Urban Hymns,The Verve,Rock,8.6,Best new reissue,Stuart Berman,Contributor,"Sat, 02 Sep 2017 05:00:00 GMT",/reviews/albums/the-verve-urban-hymns/
Toy,A Giant Dog,Rock,7.4,,Nina Corcoran,Contributor,"Sat, 02 Sep 2017 05:00:00 GMT",/reviews/albums/a-giant-dog-toy/
The Pacific Visions of Martin Glass,Martin Glass,Experimental,6.4,,Andy Beta,Contributor,"Sat, 02 Sep 2017 05:00:00 GMT",/reviews/albums/martin-glass-the-pacific-visions-of-martin-glass/
Dixieland,Greet Death,Rock,7.7,,Ian Cohen,Contributor,"Sat, 02 Sep 2017 05:00:00 GMT",/reviews/albums/greet-death-dixieland/
American Dream,LCD Soundsystem,"Electronic, Rock",8.5,Best new music,Ryan Dombal,Senior Editor,"Fri, 01 Sep 2017 05:00:00 GMT",/reviews/albums/lcd-soundsystem-american-dream/
we think we alone EP,Deem Spencer,Rap,6.5,,Jay Balfour,Contributor,"Fri, 01 Sep 2017 05:00:00 GMT",/reviews/albums/deem-spencer-we-think-we-alone-ep/
Holiday Destination,Nadine Shah,Rock,7.6,,Laura Snapes,Contributor,"Fri, 01 Sep 2017 05:00:00 GMT",/reviews/albums/nadine-shah-holiday-destination/
Trash Generator,Tera Melos,Rock,7.4,,Saby Reyes-Kulkarni,Contributor,"Fri, 01 Sep 2017 05:00:00 GMT",/reviews/albums/tera-melos-trash-generator/
17,XXXTentacion,Rap,6.5,,Meaghan Garvey,Contributor,"Thu, 31 Aug 2017 05:00:00 GMT",/reviews/albums/xxxtentacion-17/
Cozy Tapes Vol. 2: Too Cozy,A$AP Mob,Rap,6.0,,Mehan Jayasuriya,Contributor,"Thu, 31 Aug 2017 05:00:00 GMT",/reviews/albums/asap-mob-cozy-tapes-vol-2-too-cozy/
Sketches of Brunswick East,"King Gizzard & The Lizard Wizard, Mild High Club",Rock,7.5,,Saby Reyes-Kulkarni,Contributor,"Thu, 31 Aug 2017 05:00:00 GMT",/reviews/albums/king-gizzard-and-the-lizard-wizard-mild-sketches-of-brunswick-east/
Results,Liza Minnelli,Pop/R&B,7.4,,Alfred Soto,Contributor,"Thu, 31 Aug 2017 05:00:00 GMT",/reviews/albums/liza-minnelli-results/
Luv Is Rage 2,Lil Uzi Vert,Rap,7.7,,Paul A. Thompson,Contributor,"Wed, 30 Aug 2017 05:00:00 GMT",/reviews/albums/lil-uzi-vert-luv-is-rage-2/
No Mountains in Manhattan,Wiki,Rap,8.1,,Quinn Moreland,Assistant Editor,"Wed, 30 Aug 2017 05:00:00 GMT",/reviews/albums/wiki-no-mountains-in-manhattan/
Rainbow Edition,Hype Williams,Electronic,6.4,,Kevin Lozano,Tracks Coordinator,"Wed, 30 Aug 2017 05:00:00 GMT",/reviews/albums/hype-williams-rainbow-edition/
Bicep,Bicep,Electronic,7.4,,Jesse Weiss,Contributor,"Wed, 30 Aug 2017 05:00:00 GMT",/reviews/albums/bicep-bicep/
Blue Chips 7000,Action Bronson,Rap,7.4,,Jay Balfour,Contributor,"Tue, 29 Aug 2017 05:00:00 GMT",/reviews/albums/action-bronson-blue-chips-7000/
Project Baby 2,Kodak Black,Rap,6.0,,Sheldon Pearce,Contributing Writer,"Tue, 29 Aug 2017 05:00:00 GMT",/reviews/albums/kodak-black-project-baby-2/
Afrobeat Hot Hits: New Urban Dance Grooves From Africa,Various Artists,,7.5,,Erin MacLeod,Contributor,"Tue, 29 Aug 2017 05:00:00 GMT",/reviews/albums/various-artists-afrobeat-hot-hits-new-urban-dance-grooves-from-africa/
A Man Called Destruction,Alex Chilton,Rock,6.7,,Stephen M. Deusner,Contributor,"Tue, 29 Aug 2017 05:00:00 GMT",/reviews/albums/alex-chilton-a-man-called-destruction/
Villains,Queens of the Stone Age,Rock,6.9,,Zoe Camp,Contributor,"Mon, 28 Aug 2017 05:00:00 GMT",/reviews/albums/queens-of-the-stone-age-villains/
TFCF,Liars,Rock,7.5,,Patric Fallon,Contributor,"Mon, 28 Aug 2017 05:00:00 GMT",/reviews/albums/liars-tfcf/
Paranoia,Dave East,Rap,7.0,,Kristin Corry,Contributor,"Mon, 28 Aug 2017 05:00:00 GMT",/reviews/albums/dave-east-paranoia/
Beaucoup Fish,Underworld,Electronic,7.4,,Philip Sherburne,Contributing Editor,"Mon, 28 Aug 2017 05:00:00 GMT",/reviews/albums/underworld-beaucoup-fish/
Gypsy Woman,Joe Bataan,Pop/R&B,8.2,,Oliver Wang,Contributor,"Sun, 27 Aug 2017 05:00:00 GMT",/reviews/albums/joe-bataan-gypsy-woman/
Brown Sugar,D’Angelo,Pop/R&B,9.2,Best new reissue,Marcus J. Moore,Contributor,"Sat, 26 Aug 2017 05:00:00 GMT",/reviews/albums/dangelo-brown-sugar/
Invitation,Filthy Friends,Rock,6.5,,Alfred Soto,Contributor,"Sat, 26 Aug 2017 05:00:00 GMT",/reviews/albums/filthy-friends-invitation/
Freudian,Daniel Caesar,Pop/R&B,7.3,,Briana Younger,Contributor,"Sat, 26 Aug 2017 05:00:00 GMT",/reviews/albums/daniel-caesar-freudian/
Electro-Soma I + II,B12,Electronic,7.7,,Ben Cardew,Contributor,"Sat, 26 Aug 2017 05:00:00 GMT",/reviews/albums/b12-electro-soma-i-ii/
A Deeper Understanding,The War on Drugs,Rock,8.7,Best new music,Mark Richardson,Executive Editor,"Fri, 25 Aug 2017 05:00:00 GMT",/reviews/albums/the-war-on-drugs-a-deeper-understanding/
Exile in the Outer Ring,EMA,Rock,8.0,,Judy Berman,Contributor,"Fri, 25 Aug 2017 05:00:00 GMT",/reviews/albums/ema-exile-in-the-outer-ring/
Good Nature,Turnover,Rock,7.3,,Ian Cohen,Contributor,"Fri, 25 Aug 2017 05:00:00 GMT",/reviews/albums/turnover-good-nature/
Aytche,Joseph Shabason,Jazz,7.6,,Philip Sherburne,Contributing Editor,"Fri, 25 Aug 2017 05:00:00 GMT",/reviews/albums/joseph-shabason-aytche/
Black Ken,Lil B,Rap,8.5,Best new music,Meaghan Garvey,Contributor,"Thu, 24 Aug 2017 05:00:00 GMT",/reviews/albums/lil-b-black-ken/
Beast Epic,Iron & Wine,Folk/Country,7.5,,Philip Cosores,Contributor,"Thu, 24 Aug 2017 05:00:00 GMT",/reviews/albums/iron-and-wine-beast-epic/
So Numb,Sannhet,Metal,8.0,,Andy O'Connor,Contributor,"Thu, 24 Aug 2017 05:00:00 GMT",/reviews/albums/sannhet-so-numb/
Far From Over,Vijay Iyer Sextet,Jazz,7.7,,Seth Colter Walls,Contributor,"Thu, 24 Aug 2017 05:00:00 GMT",/reviews/albums/vijay-iyer-sextet-far-from-over/
Science Fiction,Brand New,Rock,8.3,Best new music,Ian Cohen,Contributor,"Wed, 23 Aug 2017 05:00:00 GMT",/reviews/albums/brand-new-science-fiction/
S/T,Rainer Maria,Rock,7.6,,Evan Rytlewski,Contributor,"Wed, 23 Aug 2017 05:00:00 GMT",/reviews/albums/rainer-maria-st/
Orc,Oh Sees,Rock,7.4,,Stuart Berman,Contributor,"Wed, 23 Aug 2017 05:00:00 GMT",/reviews/albums/oh-sees-orc/
Take Flight,Maya Jane Coles,Electronic,6.0,,Philip Sherburne,Contributing Editor,"Wed, 23 Aug 2017 05:00:00 GMT",/reviews/albums/maya-jane-coles-take-flight/
Alice Glass EP,Alice Glass,Electronic,6.8,,Sasha Geffen,Contributor,"Tue, 22 Aug 2017 05:00:00 GMT",/reviews/albums/alice-glass-alice-glass-ep/
Tropical Drums of Deutschland,Various Artists,,7.4,,Andy Beta,Contributor,"Tue, 22 Aug 2017 05:00:00 GMT",/reviews/albums/various-artists-tropical-drums-of-deutschland/
The Water We Drink,Khalil,Pop/R&B,7.2,,Louis Pattison,Contributor,"Tue, 22 Aug 2017 05:00:00 GMT",/reviews/albums/khalil-the-water-we-drink/
Ripe & Majestic,TOBACCO,Electronic,7.7,,Saby Reyes-Kulkarni,Contributor,"Tue, 22 Aug 2017 05:00:00 GMT",/reviews/albums/tobacco-ripe-and-majestic/
Still Striving,A$AP Ferg,Rap,6.1,,Matthew  Ismael Ruiz,Contributor,"Mon, 21 Aug 2017 05:00:00 GMT",/reviews/albums/adollarap-ferg-still-striving/
Time Well,Cloakroom,Rock,7.3,,Andy O'Connor,Contributor,"Mon, 21 Aug 2017 05:00:00 GMT",/reviews/albums/cloakroom-time-well/
1 Up Top Ahk,Mozzy,Rap,7.6,,Briana Younger,Contributor,"Mon, 21 Aug 2017 05:00:00 GMT",/reviews/albums/mozzy-1-up-top-ahk/
Terra Incognita,Various Artists,,7.2,,Andy Beta,Contributor,"Mon, 21 Aug 2017 05:00:00 GMT",/reviews/albums/various-artists-terra-incognita/
Songs From the Big Chair,Tears for Fears,Rock,8.9,,Tal Rosenberg,Contributor,"Sun, 20 Aug 2017 05:00:00 GMT",/reviews/albums/tears-for-fears-songs-from-the-big-chair/
Link Wray,Link Wray,Rock,9.1,Best new reissue,Andy Beta,Contributor,"Sat, 19 Aug 2017 05:00:00 GMT",/reviews/albums/link-wray-link-wray/
Policies of Power EP,Samantha Urbani,Pop/R&B,7.2,,Claire Lobenfeld,Contributor,"Sat, 19 Aug 2017 05:00:00 GMT",/reviews/albums/samantha-urbani-policies-of-power-ep/
Warmth,Blondes,Electronic,7.3,,Thea Ballard,Contributor,"Sat, 19 Aug 2017 05:00:00 GMT",/reviews/albums/blondes-warmth/
Althaea,Trailer Trash Tracys,Experimental,6.0,,Kevin Lozano,Tracks Coordinator,"Sat, 19 Aug 2017 05:00:00 GMT",/reviews/albums/trailer-trash-tracys-althaea/
Painted Ruins,Grizzly Bear,Rock,7.3,,Jillian Mapes,Senior Editor,"Fri, 18 Aug 2017 05:00:00 GMT",/reviews/albums/grizzly-bear-painted-ruins/
A Fever Dream,Everything Everything,Rock,7.1,,Jazz Monroe,Associate Staff Writer,"Fri, 18 Aug 2017 05:00:00 GMT",/reviews/albums/everything-everything-a-fever-dream/
Across the Multiverse,Dent May,Rock,6.1,,Calum Marsh,Contributor,"Fri, 18 Aug 2017 05:00:00 GMT",/reviews/albums/dent-may-across-the-multiverse/
Living EP,inc. no world,Pop/R&B,6.5,,Cameron Cook,Contributor,"Fri, 18 Aug 2017 05:00:00 GMT",/reviews/albums/inc-no-world-living-ep/
Come Over When You’re Sober (Part One),Lil Peep,Rap,7.3,,Sheldon Pearce,Contributing Writer,"Thu, 17 Aug 2017 05:00:00 GMT",/reviews/albums/lil-peep-come-over-when-youre-sober-part-one/
Candy-O,The Cars,Rock,8.5,,Stephen Thomas Erlewine,Contributor,"Thu, 17 Aug 2017 05:00:00 GMT",/reviews/albums/the-cars-candy-o-panorama/
Panorama,The Cars,Rock,8.0,,Stephen Thomas Erlewine,Contributor,"Thu, 17 Aug 2017 05:00:00 GMT",/reviews/albums/the-cars-candy-o-panorama/
Pool Party,Myke Bogan,Rap,6.7,,Mehan Jayasuriya,Contributor,"Thu, 17 Aug 2017 05:00:00 GMT",/reviews/albums/myke-bogan-pool-party/
b.,BOSCO,Pop/R&B,7.4,,Karas Lamb,Contributor,"Thu, 17 Aug 2017 05:00:00 GMT",/reviews/albums/bosco-b/
Madonna,Madonna,Pop/R&B,8.2,,Jillian Mapes,Senior Editor,"Wed, 16 Aug 2017 05:00:00 GMT",/reviews/albums/madonna-madonna/
Like a Prayer,Madonna,Pop/R&B,9.0,,Maura Johnston,Contributor,"Wed, 16 Aug 2017 05:00:00 GMT",/reviews/albums/madonna-like-a-prayer/
Bedtime Stories,Madonna,Pop/R&B,6.5,,Owen Pallett,,"Wed, 16 Aug 2017 05:00:00 GMT",/reviews/albums/madonna-bedtime-stories/
Ray of Light,Madonna,Pop/R&B,8.1,,Alex Frank,Contributor,"Wed, 16 Aug 2017 05:00:00 GMT",/reviews/albums/madonna-ray-of-light/
A.I. Youngboy,YoungBoy Never Broke Again,Rap,7.6,,Sheldon Pearce,Contributing Writer,"Tue, 15 Aug 2017 05:00:00 GMT",/reviews/albums/youngboy-never-broke-again-ai-youngboy/
Anthology Resource Vol. 1 △△,Dean Hurley,Experimental,6.5,,Sean T. Collins,Contributor,"Tue, 15 Aug 2017 05:00:00 GMT",/reviews/albums/dean-hurley-anthology-resource-vol-1/
Verisimilitude,Tyshawn Sorey,Jazz,7.6,,Seth Colter Walls,Contributor,"Tue, 15 Aug 2017 05:00:00 GMT",/reviews/albums/tyshawn-sorey-verisimilitude/
Safely Nobody’s,Tall Friend,Rock,6.8,,Evan Rytlewski,Contributor,"Tue, 15 Aug 2017 05:00:00 GMT",/reviews/albums/tall-friend-safely-nobodys/
Good Time (Original Motion Picture Soundtrack),Oneohtrix Point Never,Experimental,7.7,,Sasha Geffen,Contributor,"Mon, 14 Aug 2017 05:00:00 GMT",/reviews/albums/oneohtrix-point-never-good-time-original-motion-picture-soundtrack/
Bushwick (Original Motion Picture Soundtrack),Aesop Rock,Rap,7.3,,Jay Balfour,Contributor,"Mon, 14 Aug 2017 05:00:00 GMT",/reviews/albums/aesop-rock-bushwick-original-motion-picture-soundtrack/
Elastic,Amy O,Rock,6.7,,Vrinda Jagota,Contributor,"Mon, 14 Aug 2017 05:00:00 GMT",/reviews/albums/amy-o-elastic/
Last Chance,House of Feelings,Electronic,6.9,,Calum Marsh,Contributor,"Mon, 14 Aug 2017 05:00:00 GMT",/reviews/albums/house-of-feelings-last-chance/
Tidal,Fiona Apple,Rock,9.0,,Jenn Pelly,Associate Reviews Editor,"Sun, 13 Aug 2017 05:30:00 GMT",/reviews/albums/fiona-apple-tidal/
12,A$AP Twelvyy,Rap,6.4,,Jonah Bromwich,Contributor,"Sat, 12 Aug 2017 05:00:00 GMT",/reviews/albums/adollarap-twelvyy-12/
Boy in a Well,The Yawpers,Rock,7.1,,Stephen M. Deusner,Contributor,"Sat, 12 Aug 2017 05:00:00 GMT",/reviews/albums/the-yawpers-boy-in-a-well/
The Fickle Finger of Fate,"Dale Crover, Melvins","Rock, Metal",7.0,,Brian Burlage,Contributor,"Sat, 12 Aug 2017 05:00:00 GMT",/reviews/albums/dale-crover-melvins-the-fickle-finger-of-fatea-walk-with-love-and-death/
A Walk With Love & Death,"Dale Crover, Melvins","Rock, Metal",6.6,,Brian Burlage,Contributor,"Sat, 12 Aug 2017 05:00:00 GMT",/reviews/albums/dale-crover-melvins-the-fickle-finger-of-fatea-walk-with-love-and-death/
Popular Manipulations,The Districts,Rock,6.7,,Philip Cosores,Contributor,"Sat, 12 Aug 2017 05:00:00 GMT",/reviews/albums/the-districts-popular-manipulations/
Rainbow,Kesha,Pop/R&B,6.8,,Katherine St. Asaph,Contributor,"Fri, 11 Aug 2017 05:00:00 GMT",/reviews/albums/kesha-rainbow/
How Do You Spell Heaven,Guided by Voices,Rock,7.4,,Stuart Berman,Contributor,"Fri, 11 Aug 2017 05:00:00 GMT",/reviews/albums/guided-by-voices-how-do-you-spell-heaven/
Bright Phoebus,Lal & Mike Waterson,Folk/Country,8.5,Best new reissue,Grayson Haver Currin,Contributor,"Fri, 11 Aug 2017 05:00:00 GMT",/reviews/albums/lal-and-mike-waterson-bright-phoebus/
Onism,Photay ,Electronic,7.9,,Philip Sherburne,Contributing Editor,"Fri, 11 Aug 2017 05:00:00 GMT",/reviews/albums/photay-onism/
Cage Tropical,Frankie Rose,Rock,7.7,,Philip Sherburne,Contributing Editor,"Thu, 10 Aug 2017 05:00:00 GMT",/reviews/albums/frankie-rose-cage-tropical/
Tessellatum,Nadia Sirota,Experimental,7.2,,Jayson Greene,Contributing Editor,"Thu, 10 Aug 2017 05:00:00 GMT",/reviews/albums/nadia-sirota-tessellatum/
Shitty Hits,Katie Von Schleicher,Rock,7.1,,Paul Thompson,Contributor,"Thu, 10 Aug 2017 05:00:00 GMT",/reviews/albums/katie-von-schleicher-shitty-hits/
who told you to think?​?​!​!​?​!​?​!​?​!,milo,Rap,7.5,,Mehan Jayasuriya,Contributor,"Thu, 10 Aug 2017 05:00:00 GMT",/reviews/albums/milo-who-told-you-to-think/
Cost of Living,Downtown Boys,Rock,7.5,,Philip Sherburne,Contributing Editor,"Wed, 09 Aug 2017 05:00:00 GMT",/reviews/albums/downtown-boys-cost-of-living/
Yellow,Naomi Punk,Rock,5.6,,Evan Rytlewski,Contributor,"Wed, 09 Aug 2017 05:00:00 GMT",/reviews/albums/naomi-punk-yellow/
"Soul of a Nation — Afro-Centric Visions in the Age of Black Power: Underground Jazz, Street Funk, & the Roots of Rap 1968-79",Various Artists,,8.0,,Andy Beta,Contributor,"Wed, 09 Aug 2017 05:00:00 GMT",/reviews/albums/soul-of-a-nation-afro-centric-visions-in-the-age-of-black-power-underground-jazz-street-funk-and-the-roots-of-rap-1964-79/
S’WOMEN,Stas THEE Boss,Rap,6.7,,Karas Lamb,Contributor,"Wed, 09 Aug 2017 05:00:00 GMT",/reviews/albums/stas-thee-boss-swomen/
Fried Shallots EP,Ty Segall,Rock,7.1,,Nina Corcoran,Contributor,"Tue, 08 Aug 2017 05:00:00 GMT",/reviews/albums/ty-segall-fried-shallots-ep/
The Golden Mile EP,Flash Trading,Electronic,7.0,,Kevin Lozano,Tracks Coordinator,"Tue, 08 Aug 2017 05:00:00 GMT",/reviews/albums/flash-trading-the-golden-mile-ep/
Boy Who Cried Wolf,Wifisfuneral,Rap,6.0,,Sheldon Pearce,Contributing Writer,"Tue, 08 Aug 2017 05:00:00 GMT",/reviews/albums/wifisfuneral-boy-who-cried-wolf/
Hamtramck ’16,Moon King,Pop/R&B,5.4,,Sasha Geffen,Contributor,"Tue, 08 Aug 2017 05:00:00 GMT",/reviews/albums/moon-king-hamtramck-16/
Dark Matter,Randy Newman,Rock,8.0,,Mike Powell,Contributor,"Mon, 07 Aug 2017 05:00:00 GMT",/reviews/albums/randy-newman-dark-matter/
Refresher EP,Konx-om-Pax,Electronic,7.3,,Ben Cardew,Contributor,"Mon, 07 Aug 2017 05:00:00 GMT",/reviews/albums/konx-om-pax-refresher-ep/
"50,000,000 Elvis Fans Can’t Be Wrong",Caroline Says,Folk/Country,7.2,,Philip Cosores,Contributor,"Mon, 07 Aug 2017 05:00:00 GMT",/reviews/albums/caroline-says-50000000-elvis-fans-cant-be-wrong/
A Black Mile to the Surface,Manchester Orchestra,Rock,7.0,,Ian Cohen,Contributor,"Mon, 07 Aug 2017 05:00:00 GMT",/reviews/albums/manchester-orchestra-a-black-mile-to-the-surface/
Good Morning Spider,Sparklehorse,Rock,9.1,,Sasha Geffen,Contributor,"Sun, 06 Aug 2017 05:00:00 GMT",/reviews/albums/sparklehorse-good-morning-spider/
Late Night Tales,BADBADNOTGOOD,Jazz,7.6,,Sheldon Pearce,Contributing Writer,"Sat, 05 Aug 2017 05:00:00 GMT",/reviews/albums/badbadnotgood-late-night-tales/
Dead Cross,Dead Cross,Rock,6.2,,Saby Reyes-Kulkarni,Contributor,"Sat, 05 Aug 2017 05:00:00 GMT",/reviews/albums/dead-cross-dead-cross/
Collection,Soccer Mommy,Rock,6.7,,Evan Rytlewski,Contributor,"Sat, 05 Aug 2017 05:00:00 GMT",/reviews/albums/soccer-mommy-collection/
Sacred Horror in Design,Sote,Electronic,7.8,,Philip Sherburne,Contributing Editor,"Sat, 05 Aug 2017 05:00:00 GMT",/reviews/albums/sote-sacred-horror-in-design/
Threshold of Faith EP,Ben Frost,Electronic,6.8,,Daniel Martin-McCormick,Contributor,"Fri, 04 Aug 2017 05:00:00 GMT",/reviews/albums/ben-frost-threshold-of-faith-ep/
Nervous System EP,Julia Michaels,Pop/R&B,6.6,,Katherine St. Asaph,Contributor,"Fri, 04 Aug 2017 05:00:00 GMT",/reviews/albums/julia-michaels-nervous-system-ep/
Call It Love,Briana Marela,Rock,6.9,,Sasha Geffen,Contributor,"Fri, 04 Aug 2017 05:00:00 GMT",/reviews/albums/briana-marela-call-it-love/
Content,Joywave,Rock,5.9,,Saby Reyes-Kulkarni,Contributor,"Fri, 04 Aug 2017 05:00:00 GMT",/reviews/albums/joywave-content/
Here Come the Warm Jets,Brian Eno,Experimental,9.5,Best new reissue,Douglas Wolk,Contributor,"Thu, 03 Aug 2017 05:00:00 GMT",/reviews/albums/brian-eno-here-come-the-warm-jets-taking-tiger-mountain-by-strategy-before-and-after-science/
Taking Tiger Mountain (By Strategy),Brian Eno,Experimental,10.0,Best new reissue,Douglas Wolk,Contributor,"Thu, 03 Aug 2017 05:00:00 GMT",/reviews/albums/brian-eno-here-come-the-warm-jets-taking-tiger-mountain-by-strategy-before-and-after-science/
Before and After Science,Brian Eno,Experimental,10.0,Best new reissue,Douglas Wolk,Contributor,"Thu, 03 Aug 2017 05:00:00 GMT",/reviews/albums/brian-eno-here-come-the-warm-jets-taking-tiger-mountain-by-strategy-before-and-after-science/
Verse,People Like You,Rock,7.2,,Ian Cohen,Contributor,"Thu, 03 Aug 2017 05:00:00 GMT",/reviews/albums/people-like-you-verse/
Contempt,Couch Slut,Metal,7.7,,Saby Reyes-Kulkarni,Contributor,"Thu, 03 Aug 2017 05:00:00 GMT",/reviews/albums/couch-slut-contempt/
Tchornobog,Tchornobog,Metal,7.4,,Sam Sodomsky,Associate Staff Writer,"Thu, 03 Aug 2017 05:00:00 GMT",/reviews/albums/tchornobog-tchornobog/
Golden,Romeo Santos,Pop/R&B,7.6,,Matthew  Ismael Ruiz,Contributor,"Wed, 02 Aug 2017 05:00:00 GMT",/reviews/albums/romeo-santos-golden/
Perfect Timing,"Nav, Metro Boomin",Rap,4.8,,Jay Balfour,Contributor,"Wed, 02 Aug 2017 05:00:00 GMT",/reviews/albums/nav-metro-boomin-perfect-timing/
The Elements,"Joe Henderson, Alice Coltrane",Jazz,8.6,Best new reissue,Mark Richardson,Executive Editor,"Wed, 02 Aug 2017 05:00:00 GMT",/reviews/albums/joe-henderson-alice-coltrane-the-elements/
fantasii,Mhysa,Electronic,7.8,,Rachel Hahn,Contributor,"Wed, 02 Aug 2017 05:00:00 GMT",/reviews/albums/mhysa-fantasii/
Good for You,Aminé,Rap,7.3,,Briana Younger,Contributor,"Tue, 01 Aug 2017 05:00:00 GMT",/reviews/albums/amine-good-for-you/
Sounds from the Other Side,WizKid,Global,7.4,,Claire Lobenfeld,Contributor,"Tue, 01 Aug 2017 05:00:00 GMT",/reviews/albums/wizkid-sounds-from-the-other-side/
La Torre Ibiza — Volumen Dos,Various Artists,,7.8,,Andy Beta,Contributor,"Tue, 01 Aug 2017 05:00:00 GMT",/reviews/albums/various-artists-la-torre-ibiza-volumen-dos/
What Do You Think About the Car?,Declan McKenna,Rock,5.9,,Marc Hogan,Senior Staff Writer,"Tue, 01 Aug 2017 05:00:00 GMT",/reviews/albums/declan-mckenna-what-do-you-think-about-the-car/
The Autobiography,Vic Mensa,Rap,6.9,,Jay Balfour,Contributor,"Mon, 31 Jul 2017 05:00:00 GMT",/reviews/albums/vic-mensa-the-autobiography/
The Outsiders EP,Ross From Friends,Electronic,6.6,,Kevin Lozano,Tracks Coordinator,"Mon, 31 Jul 2017 05:00:00 GMT",/reviews/albums/ross-from-friends-the-outsiders-ep/
Lack,Pan Daijing,Experimental,7.6,,Thea Ballard,Contributor,"Mon, 31 Jul 2017 05:00:00 GMT",/reviews/albums/pan-daijing-lack/
Ceilings,Denitia,Pop/R&B,7.2,,Briana Younger,Contributor,"Mon, 31 Jul 2017 05:00:00 GMT",/reviews/albums/denitia-ceilings/
American Water,Silver Jews,Rock,9.4,,Mike Powell,Contributor,"Sun, 30 Jul 2017 05:00:00 GMT",/reviews/albums/silver-jews-american-water/
New Facts Emerge,The Fall,Rock,6.8,,Robert Ham,Contributor,"Sat, 29 Jul 2017 05:00:00 GMT",/reviews/albums/the-fall-new-facts-emerge/
Patterns for Resonant Space,Sontag Shogun,Experimental,7.3,,Raymond Cummings,Contributor,"Sat, 29 Jul 2017 05:00:00 GMT",/reviews/albums/sontag-shogun-patterns-for-resonant-space/
Sudan Archives,Sudan Archives,Folk/Country,7.3,,Karas Lamb,Contributor,"Sat, 29 Jul 2017 05:00:00 GMT",/reviews/albums/sudan-archives-sudan-archives/
Riding the Thin Line EP,DJ Bone,Electronic,7.6,,Daniel Martin-McCormick,Contributor,"Sat, 29 Jul 2017 05:00:00 GMT",/reviews/albums/dj-bone-riding-the-thin-line-ep/
Everything Now,Arcade Fire,Rock,5.6,,Jeremy D. Larson,Senior Editor,"Fri, 28 Jul 2017 05:00:00 GMT",/reviews/albums/arcade-fire-everything-now/
Hate Songs EP,Suicideyear,Electronic,7.3,,Chal Ravens,Contributor,"Fri, 28 Jul 2017 05:00:00 GMT",/reviews/albums/suicideyear-hate-songs-ep/
Greenspan and Taraval EP,"Jeremy Greenspan, Taraval",Electronic,6.9,,Thea Ballard,Contributor,"Fri, 28 Jul 2017 05:00:00 GMT",/reviews/albums/jeremy-greenspan-taraval-greenspan-and-taraval-ep/
Rotations,Golden Retriever,Experimental,8.0,,Patric Fallon,Contributor,"Fri, 28 Jul 2017 05:00:00 GMT",/reviews/albums/golden-retriever-rotations/
Wins and Losses,Meek Mill,Rap,7.4,,Sheldon Pearce,Contributing Writer,"Thu, 27 Jul 2017 05:00:00 GMT",/reviews/albums/meek-mill-wins-and-losses/
Habit EP,Snail Mail,Rock,7.7,,Quinn Moreland,Assistant Editor,"Thu, 27 Jul 2017 05:00:00 GMT",/reviews/albums/snail-mail-habit-ep/
LoveJoys,Pickwick,Rock,6.6,,Saby Reyes-Kulkarni,Contributor,"Thu, 27 Jul 2017 05:00:00 GMT",/reviews/albums/pickwick-lovejoys/
Strange Days,Lory D,Electronic,7.5,,Jesse Weiss,Contributor,"Thu, 27 Jul 2017 05:00:00 GMT",/reviews/albums/lory-d-strange-days/
Add Violence EP,Nine Inch Nails,Rock,7.3,,Sean T. Collins,Contributor,"Wed, 26 Jul 2017 05:00:00 GMT",/reviews/albums/nine-inch-nails-add-violence-ep/
Índia,Gal Costa,Pop/R&B,8.5,,Andy Beta,Contributor,"Wed, 26 Jul 2017 05:00:00 GMT",/reviews/albums/gal-costa-india/
Moonshine Freeze,This Is the Kit,Folk/Country,7.3,,Sam Sodomsky,Associate Staff Writer,"Wed, 26 Jul 2017 05:00:00 GMT",/reviews/albums/this-is-the-kit-moonshine-freeze/
Hip Mobility,Quindar,Experimental,6.8,,Saby Reyes-Kulkarni,Contributor,"Wed, 26 Jul 2017 05:00:00 GMT",/reviews/albums/quindar-hip-mobility/
Lust for Life,Lana Del Rey,Pop/R&B,7.7,,Meaghan Garvey,Contributor,"Tue, 25 Jul 2017 05:00:00 GMT",/reviews/albums/lana-del-rey-lust-for-life/
Eucalyptus,Avey Tare,Experimental,7.6,,Evan Rytlewski,Contributor,"Tue, 25 Jul 2017 05:00:00 GMT",/reviews/albums/avey-tare-eucalyptus/
Bedouine,Bedouine,Folk/Country,7.5,,Sam Sodomsky,Associate Staff Writer,"Tue, 25 Jul 2017 05:00:00 GMT",/reviews/albums/bedouine-bedouine/
Pariah,Jana Rush,Electronic,7.9,,Kevin Lozano,Tracks Coordinator,"Tue, 25 Jul 2017 05:00:00 GMT",/reviews/albums/jana-rush-pariah/
Sacred Hearts Club,Foster the People,"Electronic, Rock",5.5,,Brad Shoup,Contributor,"Mon, 24 Jul 2017 05:00:00 GMT",/reviews/albums/foster-the-people-sacred-hearts-club/
Fabriclive 93,Daphni,Electronic,7.6,,Andy Beta,Contributor,"Mon, 24 Jul 2017 05:00:00 GMT",/reviews/albums/daphni-fabriclive-93/
Sunday Songs,The Beacon Sound Choir,,7.7,,Philip Sherburne,Contributing Editor,"Mon, 24 Jul 2017 05:00:00 GMT",/reviews/albums/the-beacon-sound-choir-sunday-songs/
Full Flower,Us and Us Only,,6.7,,Ian Cohen,Contributor,"Mon, 24 Jul 2017 05:00:00 GMT",/reviews/albums/us-and-us-only-full-flower/
Dots and Loops,Stereolab,Experimental,9.2,,Eric Harvey,Contributor,"Sun, 23 Jul 2017 05:00:00 GMT",/reviews/albums/stereolab-dots-and-loops/
Leave Home,Ramones,Rock,9.5,Best new reissue,Stephen Thomas Erlewine,Contributor,"Sat, 22 Jul 2017 05:00:00 GMT",/reviews/albums/ramones-leave-home/
Pagan Day,Psychic TV,Experimental,6.7,,Stuart Berman,Contributor,"Sat, 22 Jul 2017 05:00:00 GMT",/reviews/albums/psychic-tv-pagan-day-allegory-and-self/
Allegory and Self,Psychic TV,Experimental,8.3,,Stuart Berman,Contributor,"Sat, 22 Jul 2017 05:00:00 GMT",/reviews/albums/psychic-tv-pagan-day-allegory-and-self/
Lo Tom,Lo Tom,Rock,6.2,,Ian Cohen,Contributor,"Sat, 22 Jul 2017 05:00:00 GMT",/reviews/albums/lo-tom-lo-tom/
Square One,"Bjørn Torske, Prins Thomas",Electronic,7.3,,Andy Beta,Contributor,"Sat, 22 Jul 2017 05:00:00 GMT",/reviews/albums/bjorn-torske-prins-thomas-square-one/
Flower Boy,"Tyler, the Creator",Rap,8.5,Best new music,Sheldon Pearce,Contributing Writer,"Fri, 21 Jul 2017 05:00:00 GMT",/reviews/albums/tyler-the-creator-flower-boy/
Raskit,Dizzee Rascal,Rap,7.0,,Ben Cardew,Contributor,"Fri, 21 Jul 2017 05:00:00 GMT",/reviews/albums/dizzee-rascal-raskit/
Dead Saints Chronicles,Burnt Friedman,Electronic,7.8,,Philip Sherburne,Contributing Editor,"Fri, 21 Jul 2017 05:00:00 GMT",/reviews/albums/burnt-friedman-dead-saints-chronicles/
Several Shades of the Same Color,Patricia,Electronic,6.9,,Patric Fallon,Contributor,"Fri, 21 Jul 2017 05:00:00 GMT",/reviews/albums/patricia-several-shades-of-the-same-color/
Mellow Waves,Cornelius,Electronic,7.7,,Jesse Jarnow,Contributor,"Thu, 20 Jul 2017 05:00:00 GMT",/reviews/albums/cornelius-mellow-waves/
"Sounds of Crenshaw, Vol. 1",Terrace Martin Presents the Pollyseeds,Pop/R&B,7.6,,Seth Colter Walls,Contributor,"Thu, 20 Jul 2017 05:00:00 GMT",/reviews/albums/terrace-martin-presents-the-pollyseeds-sounds-of-crenshaw-vol-1/
One Night Only,Cousin Stizz,Rap,6.9,,Mehan Jayasuriya,Contributor,"Thu, 20 Jul 2017 05:00:00 GMT",/reviews/albums/cousin-stizz-one-night-only/
Solid Rain,Holy Shit,Rock,7.2,,Thea Ballard,Contributor,"Thu, 20 Jul 2017 05:00:00 GMT",/reviews/albums/holy-shit-solid-rain/
Jungle Rules,French Montana,Rap,6.5,,Sheldon Pearce,Contributing Writer,"Wed, 19 Jul 2017 05:00:00 GMT",/reviews/albums/french-montana-jungle-rules/
EP #260,SQÜRL,Experimental,6.8,,Marc Masters,Contributor,"Wed, 19 Jul 2017 05:00:00 GMT",/reviews/albums/squrl-ep-260/
Jean​-​Jacques Perrey et son Ondioline,Jean​-​Jacques Perrey,Electronic,7.6,,Ben Cardew,Contributor,"Wed, 19 Jul 2017 05:00:00 GMT",/reviews/albums/jean-jacques-perrey-jean-jacques-perrey-et-son-ondioline/
Blast Off Through the Wicker,Art Feynman,,7.0,,Will Schube,Contributor,"Wed, 19 Jul 2017 05:00:00 GMT",/reviews/albums/art-feynman-blast-off-through-the-wicker/
Soft Sounds From Another Planet,Japanese Breakfast,Rock,8.0,,Nathan Reese,Contributor,"Tue, 18 Jul 2017 05:00:00 GMT",/reviews/albums/japanese-breakfast-soft-sounds-from-another-planet/
Mura Masa,Mura Masa,Electronic,7.7,,Eve Barlow,Contributor,"Tue, 18 Jul 2017 05:00:00 GMT",/reviews/albums/mura-masa-mura-masa/
Deep Marble Sunrise,Coca Leaf,Experimental,7.1,,Paul Thompson,Contributor,"Tue, 18 Jul 2017 05:00:00 GMT",/reviews/albums/coca-leaf-deep-marble-sunrise/
Infinity Ultra,Claude Speeed,Electronic,7.4,,Philip Sherburne,Contributing Editor,"Tue, 18 Jul 2017 05:00:00 GMT",/reviews/albums/claude-speeed-infinity-ultra/
Kaleidoscope EP,Coldplay,Rock,5.8,,Jamieson Cox,Contributor,"Mon, 17 Jul 2017 05:00:00 GMT",/reviews/albums/coldplay-kaleidoscope-ep/
Sodium,Dasher,Metal,7.8,,Stuart Berman,Contributor,"Mon, 17 Jul 2017 05:00:00 GMT",/reviews/albums/dasher-sodium/
God First,Mr Jukes,Pop/R&B,5.8,,Ian Cohen,Contributor,"Mon, 17 Jul 2017 05:00:00 GMT",/reviews/albums/mr-jukes-god-first/
Raft,Mike Cooper,Experimental,6.8,,Andy Beta,Contributor,"Mon, 17 Jul 2017 05:00:00 GMT",/reviews/albums/mike-cooper-raft/
The Album,SW.,Experimental,8.0,,Philip Sherburne,Contributing Editor,"Mon, 17 Jul 2017 05:00:00 GMT",/reviews/albums/sw-the-album/
Appetite for Destruction,Guns N' Roses,Rock,10.0,,Maura Johnston,Contributor,"Sun, 16 Jul 2017 05:00:00 GMT",/reviews/albums/guns-n-roses-appetite-for-destruction/
Quazarz: Born on a Gangster Star,Shabazz Palaces,Rap,7.6,,Matthew  Ismael Ruiz,Contributor,"Fri, 14 Jul 2017 05:00:00 GMT",/reviews/albums/shabazz-palaces-quazarz-born-on-a-gangster-star-quazarz-vs-the-jealous-machines/
Quazarz vs. The Jealous Machines,Shabazz Palaces,Rap,7.9,,Matthew  Ismael Ruiz,Contributor,"Fri, 14 Jul 2017 05:00:00 GMT",/reviews/albums/shabazz-palaces-quazarz-born-on-a-gangster-star-quazarz-vs-the-jealous-machines/
Need to Feel Your Love,Sheer Mag,Rock,8.0,,Stuart Berman,Contributor,"Fri, 14 Jul 2017 05:00:00 GMT",/reviews/albums/sheer-mag-need-to-feel-your-love/
Fly,Yoko Ono,Experimental,8.7,Best new reissue,Marc Masters,Contributor,"Fri, 14 Jul 2017 05:00:00 GMT",/reviews/albums/yoko-ono-fly-approximately-infinite-universe-feeling-the-space/
Approximately Infinite Universe,Yoko Ono,Experimental,8.2,Best new reissue,Marc Masters,Contributor,"Fri, 14 Jul 2017 05:00:00 GMT",/reviews/albums/yoko-ono-fly-approximately-infinite-universe-feeling-the-space/
Feeling the Space,Yoko Ono,Experimental,7.0,,Marc Masters,Contributor,"Fri, 14 Jul 2017 05:00:00 GMT",/reviews/albums/yoko-ono-fly-approximately-infinite-universe-feeling-the-space/
"Howling, for the Nightmare Shall Consume",Integrity,Metal,7.7,,Zoe Camp,Contributor,"Fri, 14 Jul 2017 05:00:00 GMT",/reviews/albums/integrity-howling-for-the-nightmare-shall-consume/
Out in the Storm,Waxahatchee,Rock,8.2,,Sam Sodomsky,Associate Staff Writer,"Thu, 13 Jul 2017 05:00:00 GMT",/reviews/albums/waxahatchee-out-in-the-storm/
Lifetime of Love,Moon Diagrams,Rock,7.0,,Calum Marsh,Contributor,"Thu, 13 Jul 2017 05:00:00 GMT",/reviews/albums/moon-diagrams-lifetime-of-love/
The Mountain Has Fallen EP,DJ Shadow,Electronic,6.5,,Nate Patrin,Contributor,"Thu, 13 Jul 2017 05:00:00 GMT",/reviews/albums/dj-shadow-the-mountain-has-fallen-ep/
Dear,Boris,"Metal, Rock",7.3,,Saby Reyes-Kulkarni,Contributor,"Thu, 13 Jul 2017 05:00:00 GMT",/reviews/albums/boris-dear/
Issa Album,21 Savage,Rap,6.5,,Sheldon Pearce,Contributing Writer,"Wed, 12 Jul 2017 05:00:00 GMT",/reviews/albums/21-savage-issa-album/
Nothing Is Quick in the Desert,Public Enemy,Rap,6.0,,Jay Balfour,Contributor,"Wed, 12 Jul 2017 05:00:00 GMT",/reviews/albums/public-enemy-nothing-is-quick-in-the-desert/
Ex Eye,Ex Eye,Experimental,8.1,,Grayson Haver Currin,Contributor,"Wed, 12 Jul 2017 05:00:00 GMT",/reviews/albums/ex-eye-ex-eye/
Plastic Cough,Great Grandpa,Rock,6.7,,Ian Cohen,Contributor,"Wed, 12 Jul 2017 05:00:00 GMT",/reviews/albums/great-grandpa-plastic-cough/
Boo Boo,Toro Y Moi,Electronic,6.9,,Ian Cohen,Contributor,"Tue, 11 Jul 2017 05:00:00 GMT",/reviews/albums/toro-y-moi-boo-boo/
Chronology,Chronixx,Global,7.6,,Erin MacLeod,Contributor,"Tue, 11 Jul 2017 05:00:00 GMT",/reviews/albums/chronixx-chronology/
"Nídia é Má, Nídia é Fudida",Nídia,Electronic,7.8,,Philip Sherburne,Contributing Editor,"Tue, 11 Jul 2017 05:00:00 GMT",/reviews/albums/nidia-nidia-e-ma-nidia-e-fudida/
Bells for the South Side,Roscoe Mitchell,Jazz,7.3,,Daniel Martin-McCormick,Contributor,"Tue, 11 Jul 2017 05:00:00 GMT",/reviews/albums/roscoe-mitchell-bells-for-the-south-side/
Hug of Thunder,Broken Social Scene,Rock,8.4,Best new music,Ian Cohen,Contributor,"Mon, 10 Jul 2017 05:00:00 GMT",/reviews/albums/broken-social-scene-hug-of-thunder/
Like a Woman,Kacy Hill,Pop/R&B,5.1,,Claire Lobenfeld,Contributor,"Mon, 10 Jul 2017 05:00:00 GMT",/reviews/albums/kacy-hill-like-a-woman/
Teething,Brightness,Rock,7.4,,Shaad D’Souza,,"Mon, 10 Jul 2017 05:00:00 GMT",/reviews/albums/brightness-teething/
White Halo,Heaven in Her Arms,Metal,7.7,,Andy O'Connor,Contributor,"Mon, 10 Jul 2017 05:00:00 GMT",/reviews/albums/heaven-in-her-arms-white-halo/
Dribble EP,Sau Poler,Electronic,7.8,,Ben Cardew,Contributor,"Mon, 10 Jul 2017 05:00:00 GMT",/reviews/albums/sau-poler-dribble-ep/
Metallica,Metallica,Metal,7.7,,Zoe Camp,Contributor,"Sun, 09 Jul 2017 05:00:00 GMT",/reviews/albums/metallica-metallica/
Grateful,DJ Khaled,Rap,5.2,,Rebecca  Haithcoat,Contributor,"Sat, 08 Jul 2017 05:00:00 GMT",/reviews/albums/dj-khaled-grateful/
Anguilla Electrica,Porter Ricks,Electronic,8.0,,Andrew Gaerig,Contributor,"Sat, 08 Jul 2017 05:00:00 GMT",/reviews/albums/porter-ricks-anguilla-electrica/
Poiemusia La Nau Dels Argonautes,Pep Llopis,Experimental,7.6,,Philip Sherburne,Contributing Editor,"Sat, 08 Jul 2017 05:00:00 GMT",/reviews/albums/pep-llopis-poiemusia-la-nau-dels-argonautes/
Reject on Steroids,Conway,Rap,6.8,,Ian Cohen,Contributor,"Sat, 08 Jul 2017 05:00:00 GMT",/reviews/albums/conway-reject-on-steroids/
Something to Tell You,Haim,Rock,7.8,,Jenn Pelly,Associate Reviews Editor,"Fri, 07 Jul 2017 05:00:00 GMT",/reviews/albums/haim-something-to-tell-you/
Funk Wav Bounces Vol. 1,Calvin Harris,Electronic,6.7,,Eve Barlow,Contributor,"Fri, 07 Jul 2017 05:00:00 GMT",/reviews/albums/calvin-harris-funk-wav-bounces-vol-1/
Man of the World,Baio,Electronic,5.6,,Philip Cosores,Contributor,"Fri, 07 Jul 2017 05:00:00 GMT",/reviews/albums/baio-man-of-the-world/
Woodstock,Portugal. The Man,Rock,6.6,,Evan Rytlewski,Contributor,"Fri, 07 Jul 2017 05:00:00 GMT",/reviews/albums/portugal-the-man-woodstock/
B-Sides and Rarities,Beach House,Rock,6.9,,Sasha Geffen,Contributor,"Thu, 06 Jul 2017 05:00:00 GMT",/reviews/albums/beach-house-b-sides-and-rarities/
TLC,TLC,Pop/R&B,7.4,,Julianne Escobedo Shepherd,Contributor,"Thu, 06 Jul 2017 05:00:00 GMT",/reviews/albums/tlc-tlc/
Wintres Woma,James Elkington,Folk/Country,7.8,,Jesse Jarnow,Contributor,"Thu, 06 Jul 2017 05:00:00 GMT",/reviews/albums/james-elkington-wintres-woma/
Fabric 94,Steffi,Electronic,7.7,,Philip Sherburne,Contributing Editor,"Thu, 06 Jul 2017 05:00:00 GMT",/reviews/albums/steffi-fabric-94/
4:44,JAY-Z,Rap,8.4,Best new music,Sheldon Pearce,Contributing Writer,"Wed, 05 Jul 2017 05:00:00 GMT",/reviews/albums/jay-z-444/
Instrumental Mixtape 4,Clams Casino,Rap,7.4,,Jonah Bromwich,Contributor,"Wed, 05 Jul 2017 05:00:00 GMT",/reviews/albums/clams-casino-instrumental-mixtape-4/
Ruinism,Lapalux,Electronic,7.2,,Saby Reyes-Kulkarni,Contributor,"Wed, 05 Jul 2017 05:00:00 GMT",/reviews/albums/lapalux-ruinism/
GT Ultra,Guerilla Toss,Experimental,7.5,,Jesse Jarnow,Contributor,"Wed, 05 Jul 2017 05:00:00 GMT",/reviews/albums/guerilla-toss-gt-ultra/
"Here, My Dear",Marvin Gaye,Pop/R&B,8.7,,Ryan Dombal,Senior Editor,"Sun, 02 Jul 2017 05:00:00 GMT",/reviews/albums/marvin-gaye-here-my-dear/
1967 - Sunshine Tomorrow,The Beach Boys,Rock,8.1,,Jesse Jarnow,Contributor,"Sat, 01 Jul 2017 05:00:00 GMT",/reviews/albums/the-beach-boys-1967-sunshine-tomorrow/
The Underside of Power,Algiers,Rock,5.8,,Sheldon Pearce,Contributing Writer,"Sat, 01 Jul 2017 05:00:00 GMT",/reviews/albums/algiers-the-underside-of-power/
Bill Orcutt,Bill Orcutt,Experimental,7.6,,Colin Joyce,Contributor,"Sat, 01 Jul 2017 05:00:00 GMT",/reviews/albums/bill-orcutt-bill-orcutt/
Psychic Drift,White Suns,,7.4,,Raymond Cummings,Contributor,"Sat, 01 Jul 2017 05:00:00 GMT",/reviews/albums/white-suns-psychic-drift/
May God Bless Your Hustle,MIKE,Rap,8.3,Best new music,Matthew Strauss,Associate Editor,"Fri, 30 Jun 2017 05:00:00 GMT",/reviews/albums/mike-may-god-bless-your-hustle/
Moonlight (Original Motion Picture Soundtrack),Nicholas Britell,Jazz,7.7,,Calum Marsh,Contributor,"Fri, 30 Jun 2017 05:00:00 GMT",/reviews/albums/nicholas-britell-moonlight-original-motion-picture-soundtrack/
Ennanga Vision,Ennanga Vision,Electronic,7.2,,Andy Beta,Contributor,"Fri, 30 Jun 2017 05:00:00 GMT",/reviews/albums/ennanga-vision-ennanga-vision/
Vulture,Turtlenecked,Rock,6.0,,Ian Cohen,Contributor,"Fri, 30 Jun 2017 05:00:00 GMT",/reviews/albums/turtlenecked-vulture/
Mister Mellow,Washed Out,Electronic,6.7,,Ian Cohen,Contributor,"Thu, 29 Jun 2017 05:00:00 GMT",/reviews/albums/washed-out-mister-mellow/
Murder of the Universe,King Gizzard & The Lizard Wizard,Rock,8.0,,Stuart Berman,Contributor,"Thu, 29 Jun 2017 05:00:00 GMT",/reviews/albums/king-gizzard-and-the-lizard-wizard-murder-of-the-universe/
Cracked Actor (Live Los Angeles ’74),David Bowie,Rock,8.0,,Chris Randle,Contributor,"Thu, 29 Jun 2017 05:00:00 GMT",/reviews/albums/david-bowie-cracked-actor-live-los-angeles-74/
Which Way Iz West,MC Eiht,Rap,7.1,,Marcus Moore,Contributor,"Thu, 29 Jun 2017 05:00:00 GMT",/reviews/albums/mc-eiht-which-way-iz-west/
Dust,Laurel Halo,Electronic,8.2,,Chal Ravens,Contributor,"Wed, 28 Jun 2017 05:00:00 GMT",/reviews/albums/laurel-halo-dust/
Reflections - Mojave Desert,Floating Points,Electronic,7.3,,Andy Beta,Contributor,"Wed, 28 Jun 2017 05:00:00 GMT",/reviews/albums/floating-points-reflections-mojave-desert/
Colter Wall,Colter Wall,Folk/Country,8.0,,Sam Sodomsky,Associate Staff Writer,"Wed, 28 Jun 2017 05:00:00 GMT",/reviews/albums/colter-wall-colter-wall/
Tropisch Verlangen,Cybe,Global,7.8,,Matthew Schnipper,Managing Editor,"Wed, 28 Jun 2017 05:00:00 GMT",/reviews/albums/cybe-tropisch-verlangen/
Together at Last,Jeff Tweedy,Rock,6.6,,Philip Cosores,Contributor,"Tue, 27 Jun 2017 05:00:00 GMT",/reviews/albums/jeff-tweedy-together-at-last/
Hamburg Recordings 1967,The Monks,Rock,6.9,,Jesse Jarnow,Contributor,"Tue, 27 Jun 2017 05:00:00 GMT",/reviews/albums/the-monks-hamburg-recordings-1967/
Precious Art,Rozwell Kid,Rock,7.4,,Ian Cohen,Contributor,"Tue, 27 Jun 2017 05:00:00 GMT",/reviews/albums/rozwell-kid-precious-art/
On the Echoing Green,Jefre Cantu-Ledesma,Experimental,7.7,,Sasha Geffen,Contributor,"Tue, 27 Jun 2017 05:00:00 GMT",/reviews/albums/jefre-cantu-ledesma-on-the-echoing-green/
Purple Rain Deluxe — Expanded Edition,"Prince, The Revolution","Pop/R&B, Rock",10.0,Best new reissue,Brad Nelson,Contributor,"Mon, 26 Jun 2017 05:00:00 GMT",/reviews/albums/prince-purple-rain-deluxe-expanded-edition/
Fake Sugar,Beth Ditto,Rock,6.1,,Laura Snapes,Contributor,"Mon, 26 Jun 2017 05:00:00 GMT",/reviews/albums/beth-ditto-fake-sugar/
Rembo,Karen Gwyer,Electronic,7.4,,Chal Ravens,Contributor,"Mon, 26 Jun 2017 05:00:00 GMT",/reviews/albums/karen-gwyer-rembo/
...Of the Dark Light,Suffocation,Metal,7.0,,Saby Reyes-Kulkarni,Contributor,"Mon, 26 Jun 2017 05:00:00 GMT",/reviews/albums/suffocation-of-the-dark-light/
Blight Upon Martyred Sentience,Impetuous Ritual,,7.9,,Andy O'Connor,Contributor,"Mon, 26 Jun 2017 05:00:00 GMT",/reviews/albums/impetuous-ritual-blight-upon-martyred-sentience/
Tres Hombres,ZZ Top,Rock,9.0,,Andy Beta,Contributor,"Sun, 25 Jun 2017 05:00:00 GMT",/reviews/albums/zz-top-tres-hombres/
Iteration,Com Truise,Electronic,6.7,,Saby Reyes-Kulkarni,Contributor,"Sat, 24 Jun 2017 05:00:00 GMT",/reviews/albums/com-truise-iteration/
13 Thirteen,"Keith Rowe, Michael Pisaro",Experimental,7.5,,Marc Masters,Contributor,"Sat, 24 Jun 2017 05:00:00 GMT",/reviews/albums/keith-rowe-michael-pisaro-13-thirteen/
SATURATION,BROCKHAMPTON,Rap,6.5,,Matthew Strauss,Associate Editor,"Sat, 24 Jun 2017 05:00:00 GMT",/reviews/albums/brockhampton-saturation/
Not Two,"Amir ElSaffar, Rivers of Sound","Jazz, Global",7.9,,Seth Colter Walls,Contributor,"Sat, 24 Jun 2017 05:00:00 GMT",/reviews/albums/amir-elsaffar-rivers-of-sound-not-two/
Big Fish Theory,Vince Staples,Rap,8.7,Best new music,Sheldon Pearce,Contributing Writer,"Fri, 23 Jun 2017 05:00:00 GMT",/reviews/albums/big-fish-theory/
A Place I’ll Always Go,Palehound,Rock,7.3,,Jillian Mapes,Senior Editor,"Fri, 23 Jun 2017 05:00:00 GMT",/reviews/albums/a-place-ill-always-go/
H.E.R. Vol. 2 EP,H.E.R.,Pop/R&B,7.8,,Briana Younger,Contributor,"Fri, 23 Jun 2017 05:00:00 GMT",/reviews/albums/her-vol-2-ep/
Smiley Face,Showtime Goma,Rock,6.9,,Cameron Cook,Contributor,"Fri, 23 Jun 2017 05:00:00 GMT",/reviews/albums/smiley-face/
OK Computer OKNOTOK 1997 2017,Radiohead,Rock,10.0,Best new reissue,Jayson Greene,Contributing Editor,"Thu, 22 Jun 2017 05:00:00 GMT",/reviews/albums/radiohead-ok-computer-oknotok-1997-2017/
So You Wannabe an Outlaw,Steve Earle & the Dukes,Folk/Country,7.7,,Sam Sodomsky,Associate Staff Writer,"Thu, 22 Jun 2017 05:00:00 GMT",/reviews/albums/steve-earle-and-the-dukes-so-you-wannabe-an-outlaw/
AFTER...,Fhloston Paradigm,Electronic,7.5,,Karas Lamb,Contributor,"Thu, 22 Jun 2017 05:00:00 GMT",/reviews/albums/fhloston-paradigm-after/
Shadow Expert EP,Palm,Rock,7.6,,Matt Grosinger,Contributor,"Thu, 22 Jun 2017 05:00:00 GMT",/reviews/albums/palm-shadow-expert-ep/
City Music,Kevin Morby,Rock,8.1,,Laura Snapes,Contributor,"Wed, 21 Jun 2017 05:00:00 GMT",/reviews/albums/kevin-morby-city-music/
“Abysmal Thoughts”,The Drums,Pop/R&B,7.4,,Erin Vanderhoof,Contributor,"Wed, 21 Jun 2017 05:00:00 GMT",/reviews/albums/the-drums-abysmal-thoughts/
Chasing an Illusion,Larkin Grimm,Folk/Country,7.1,,Sasha Geffen,Contributor,"Wed, 21 Jun 2017 05:00:00 GMT",/reviews/albums/larkin-grimm-chasing-an-illusion/
Subtle Vertigo,Scott Gilmore,Experimental,7.2,,Philip Sherburne,Contributing Editor,"Wed, 21 Jun 2017 05:00:00 GMT",/reviews/albums/scott-gilmore-subtle-vertigo/
Beautiful Thugger Girls,Young Thug,Rap,8.0,,Paul A. Thompson,Contributor,"Tue, 20 Jun 2017 05:00:00 GMT",/reviews/albums/young-thug-beautiful-thugger-girls/
The Fifth State of Consciousness,Peaking Lights,Electronic,7.6,,Marc Masters,Contributor,"Tue, 20 Jun 2017 05:00:00 GMT",/reviews/albums/peaking-lights-the-fifth-state-of-consciousness/
Hudson,Hudson,Jazz,7.5,,Seth Colter Walls,Contributor,"Tue, 20 Jun 2017 05:00:00 GMT",/reviews/albums/hudson-hudson/
OUÏ,Camille,Pop/R&B,7.6,,Laura Snapes,Contributor,"Tue, 20 Jun 2017 05:00:00 GMT",/reviews/albums/camille-oui/
Boomiverse,Big Boi,Rap,7.4,,Jayson Greene,Contributing Editor,"Mon, 19 Jun 2017 05:00:00 GMT",/reviews/albums/big-boi-boomiverse/
Weather Diaries,Ride,Rock,6.3,,Ben Cardew,Contributor,"Mon, 19 Jun 2017 05:00:00 GMT",/reviews/albums/ride-weather-diaries/
Witness,Benjamin Booker,Rock,8.1,,H. Drew Blackburn,Contributor,"Mon, 19 Jun 2017 05:00:00 GMT",/reviews/albums/benjamin-booker-witness/
House and Land,House and Land,Folk/Country,7.8,,Sam Sodomsky,Associate Staff Writer,"Mon, 19 Jun 2017 05:00:00 GMT",/reviews/albums/house-and-land-house-and-land/
The Writing’s on the Wall,Destiny’s Child,Pop/R&B,9.0,,Katherine St. Asaph,Contributor,"Sun, 18 Jun 2017 05:00:00 GMT",/reviews/albums/destinys-child-the-writings-on-the-wall/
Can — The Singles,Can,Experimental,6.4,,Andy Beta,Contributor,"Sat, 17 Jun 2017 05:00:00 GMT",/reviews/albums/can-can-the-singles/
The Nashville Sound,Jason Isbell and the 400 Unit,Folk/Country,6.3,,Sam Sodomsky,Associate Staff Writer,"Sat, 17 Jun 2017 05:00:00 GMT",/reviews/albums/jason-isbell-and-the-400-unit-the-nashville-sound/
Adiós,Glen Campbell,Folk/Country,5.7,,Stephen Thomas Erlewine,Contributor,"Sat, 17 Jun 2017 05:00:00 GMT",/reviews/albums/glen-campbell-adios/
Symbolic Use of Light,UMFANG,Electronic,7.8,,Philip Sherburne,Contributing Editor,"Sat, 17 Jun 2017 05:00:00 GMT",/reviews/albums/umfang-symbolic-use-of-light/
Melodrama,Lorde,Pop/R&B,8.8,Best new music,Stacey Anderson,Associate Features Editor,"Fri, 16 Jun 2017 05:00:00 GMT",/reviews/albums/lorde-melodrama/
Pretty Girls Like Trap Music,2 Chainz,Rap,8.0,,Paul A. Thompson,Contributor,"Fri, 16 Jun 2017 05:00:00 GMT",/reviews/albums/2-chainz-pretty-girls-like-trap-music/
Rose Colored Corner,Lynn Castle,"Experimental, Folk/Country",7.5,,Rebecca Bengal,Contributor,"Fri, 16 Jun 2017 05:00:00 GMT",/reviews/albums/lynn-castle-rose-colored-corner/
Trouble Maker,Rancid,Rock,7.3,,Zoe Camp,Contributor,"Fri, 16 Jun 2017 05:00:00 GMT",/reviews/albums/rancid-trouble-maker/
Crack-Up,Fleet Foxes,Folk/Country,8.7,Best new music,Ian Cohen,Contributor,"Thu, 15 Jun 2017 05:00:00 GMT",/reviews/albums/fleet-foxes-crack-up/
Thot Breaker,Chief Keef,Rap,8.0,,Sheldon Pearce,Contributing Writer,"Thu, 15 Jun 2017 05:00:00 GMT",/reviews/albums/chief-keef-thot-breaker/
Modern Species,DJ Sports,Electronic,7.8,,Philip Sherburne,Contributing Editor,"Thu, 15 Jun 2017 05:00:00 GMT",/reviews/albums/dj-sports-modern-species/
In a Mood,Slow Dancer,Rock,7.2,,Erin Vanderhoof,Contributor,"Thu, 15 Jun 2017 05:00:00 GMT",/reviews/albums/slow-dancer-in-a-mood/
Witness,Katy Perry,Pop/R&B,4.8,,Jillian Mapes,Senior Editor,"Wed, 14 Jun 2017 05:00:00 GMT",/reviews/albums/katy-perry-witness/
City of No Reply,Amber Coffman,Pop/R&B,7.8,,Sasha Geffen,Contributor,"Wed, 14 Jun 2017 05:00:00 GMT",/reviews/albums/amber-coffman-city-of-no-reply/
Sugar at the Gate,TOPS,Pop/R&B,7.4,,Kevin Lozano,Tracks Coordinator,"Wed, 14 Jun 2017 05:00:00 GMT",/reviews/albums/tops-sugar-at-the-gate/
Selfless,Joni Void,"Experimental, Jazz",7.7,,Stuart Berman,Contributor,"Wed, 14 Jun 2017 05:00:00 GMT",/reviews/albums/joni-void-selfless/
CTRL,SZA,Pop/R&B,8.4,Best new music,Claire Lobenfeld,Contributor,"Tue, 13 Jun 2017 05:00:00 GMT",/reviews/albums/sza-ctrl/
Planetarium,"Sufjan Stevens, Nico Muhly, Bryce Dessner, James McAlister","Folk/Country, Electronic, Experimental",6.0,,Thea Ballard,Contributor,"Tue, 13 Jun 2017 05:00:00 GMT",/reviews/albums/stevens-muhly-dessner-mcalister-planetarium/
Peasant,Richard Dawson,,8.0,,Sam Sodomsky,Associate Staff Writer,"Tue, 13 Jun 2017 05:00:00 GMT",/reviews/albums/richard-dawson-peasant/
Chuck,Chuck Berry,Rock,6.3,,Evan Minsker,Deputy News Editor,"Tue, 13 Jun 2017 05:00:00 GMT",/reviews/albums/chuck-berry-chuck/
S.A.N.D.A.S,SahBabii,Rap,6.6,,Sheldon Pearce,Contributing Writer,"Tue, 13 Jun 2017 05:00:00 GMT",/reviews/albums/sahbabii-sandas/
Lindsey Buckingham / Christine McVie,"Lindsey Buckingham, Christine McVie","Rock, Folk/Country",6.2,,Sean T. Collins,Contributor,"Mon, 12 Jun 2017 05:00:00 GMT",/reviews/albums/23221-lindsey-buckingham-christine-mcvie/
The Age of Anxiety,Pixx,Pop/R&B,6.5,,Calum Marsh,Contributor,"Mon, 12 Jun 2017 05:00:00 GMT",/reviews/albums/23346-the-age-of-anxiety/
Club Coil EP,Murlo,Electronic,5.9,,Kevin Lozano,Tracks Coordinator,"Mon, 12 Jun 2017 05:00:00 GMT",/reviews/albums/23292-club-coil-ep/
Too Many Winters,Norska,Rock,7.2,,Andy O'Connor,Contributor,"Mon, 12 Jun 2017 05:00:00 GMT",/reviews/albums/23296-too-many-winters/
Very Necessary,Salt-N-Pepa,Rap,8.5,,Claire Lobenfeld,Contributor,"Sun, 11 Jun 2017 05:00:00 GMT",/reviews/albums/23309-very-necessary/
Platinum Tips + Ice Cream,Royal Trux,Rock,7.3,,Stuart Berman,Contributor,"Sat, 10 Jun 2017 05:00:00 GMT",/reviews/albums/23325-platinum-tips-ice-cream/
Home Counties,Saint Etienne,"Electronic, Rock",7.6,,Saby Reyes-Kulkarni,Contributor,"Sat, 10 Jun 2017 05:00:00 GMT",/reviews/albums/23357-home-counties/
Towards Language,Arve Henriksen,"Global, Jazz",7.6,,Brian Howe,Contributor,"Sat, 10 Jun 2017 05:00:00 GMT",/reviews/albums/23342-towards-language/
Paradygm Shift,Robert Hood,Electronic,6.9,,Jesse Weiss,Contributor,"Sat, 10 Jun 2017 05:00:00 GMT",/reviews/albums/23380-paradygm-shift/
Capacity,Big Thief,Rock,8.3,Best new music,Quinn Moreland,Assistant Editor,"Fri, 09 Jun 2017 05:00:00 GMT",/reviews/albums/23280-capacity/
I Can't Go Home,Jimi Tents,Rap,7.8,,Sheldon Pearce,Contributing Writer,"Fri, 09 Jun 2017 05:00:00 GMT",/reviews/albums/23356-i-cant-go-home/
Smidley,Smidley,Experimental,7.5,,Ian Cohen,Contributor,"Fri, 09 Jun 2017 05:00:00 GMT",/reviews/albums/23345-smidley/
Dubbing in the Backyard,King Tubby & the Aggrovators,Global,7.4,,Andy Beta,Contributor,"Fri, 09 Jun 2017 05:00:00 GMT",/reviews/albums/23272-king-tubby-the-aggrovators-dubbing-in-the-backyard/
Ti Amo,Phoenix,Rock,7.0,,Marc Hogan,Senior Staff Writer,"Thu, 08 Jun 2017 05:00:00 GMT",/reviews/albums/23281-ti-amo/
All of This,Perera Elsewhere,Pop/R&B,7.6,,Briana Younger,Contributor,"Thu, 08 Jun 2017 05:00:00 GMT",/reviews/albums/23303-all-of-this/
Ideas of Beginnings,Mark McGuire,"Electronic, Rock, Experimental",7.7,,Sam Sodomsky,Associate Staff Writer,"Thu, 08 Jun 2017 05:00:00 GMT",/reviews/albums/23344-ideas-of-beginnings/
Cigarettes After Sex,Cigarettes After Sex,Experimental,7.4,,Cameron Cook,Contributor,"Thu, 08 Jun 2017 05:00:00 GMT",/reviews/albums/23308-cigarettes-after-sex/
hopeless fountain kingdom,Halsey,Pop/R&B,6.5,,Katherine St. Asaph,Contributor,"Wed, 07 Jun 2017 05:00:00 GMT",/reviews/albums/23301-hopeless-fountain-kingdom/
Somersault,Beach Fossils,"Experimental, Rock",7.3,,Philip Cosores,Contributor,"Wed, 07 Jun 2017 05:00:00 GMT",/reviews/albums/23278-beach-fossils-somersault/
Know No Better EP,Major Lazer,"Global, Pop/R&B",6.4,,Jonah Bromwich,Contributor,"Wed, 07 Jun 2017 05:00:00 GMT",/reviews/albums/23379-know-no-better-ep/
Five Years of Loving Notes,Various Artists,,7.6,,Andy Beta,Contributor,"Wed, 07 Jun 2017 05:00:00 GMT",/reviews/albums/23329-five-years-of-loving-notes/
RELAXER,alt-J,Rock,4.5,,Jayson Greene,Contributing Editor,"Tue, 06 Jun 2017 05:00:00 GMT",/reviews/albums/23315-relaxer/
I Used to Spend So Much Time Alone,Chastity Belt,Rock,7.4,,Sasha Geffen,Contributor,"Tue, 06 Jun 2017 05:00:00 GMT",/reviews/albums/23302-i-used-to-spend-so-much-time-alone/
"To Syria, With Love",Omar Souleyman,Global,6.5,,Andy Beta,Contributor,"Tue, 06 Jun 2017 05:00:00 GMT",/reviews/albums/23277-to-syria-with-love/
Different Days,The Charlatans UK,"Electronic, Rock",6.0,,Robert Ham,Contributor,"Tue, 06 Jun 2017 05:00:00 GMT",/reviews/albums/23247-different-days/
Droptopwop,Gucci Mane,Rap,7.3,,Paul A. Thompson,Contributor,"Mon, 05 Jun 2017 05:00:00 GMT",/reviews/albums/23355-droptopwop/
Balsams,Chuck Johnson,Experimental,8.1,,Marc Masters,Contributor,"Mon, 05 Jun 2017 05:00:00 GMT",/reviews/albums/23275-chuck-johnson-balsams/
The Best of Crime Rock,Chain and the Gang,"Electronic, Pop/R&B",7.7,,Stuart Berman,Contributor,"Mon, 05 Jun 2017 05:00:00 GMT",/reviews/albums/23283-chain-and-the-gang-the-best-of-crime-rock/
Vision,Pet Symmetry,Rock,6.8,,Evan Rytlewski,Contributor,"Mon, 05 Jun 2017 05:00:00 GMT",/reviews/albums/23294-vision/
Fantasy Club,tofubeats,Electronic,7.6,,Patrick St. Michel,Contributor,"Mon, 05 Jun 2017 05:00:00 GMT",/reviews/albums/23287-fantasy-club/
Supreme Clientele,Ghostface Killah,Rap,10.0,,Jeff Weiss,Contributor,"Sun, 04 Jun 2017 05:00:00 GMT",/reviews/albums/23207-supreme-clientele/
Ten Years Alive on the Infinite Plain,Tony Conrad,"Experimental, Rock",8.4,Best new reissue,Grayson Haver Currin,Contributor,"Sat, 03 Jun 2017 05:00:00 GMT",/reviews/albums/23155-ten-years-alive-on-the-infinite-plain/
Demolition 9,Martin Rev,Electronic,6.0,,Saby Reyes-Kulkarni,Contributor,"Sat, 03 Jun 2017 05:00:00 GMT",/reviews/albums/23154-demolition-9/
Horizonless,Loss,Metal,8.0,,Andy O'Connor,Contributor,"Sat, 03 Jun 2017 05:00:00 GMT",/reviews/albums/23240-horizonless/
"From the Heart, It’s a Start, a Work of Art",Shinichi Atobe,Electronic,8.1,,Philip Sherburne,Contributing Editor,"Sat, 03 Jun 2017 05:00:00 GMT",/reviews/albums/23300-from-the-heart-its-a-start-a-work-of-art/
Gone Now,Bleachers,Pop/R&B,6.1,,Sam Sodomsky,Associate Staff Writer,"Fri, 02 Jun 2017 05:00:00 GMT",/reviews/albums/23215-gone-now/
Insecurity Guard,Kettenkarussell,Electronic,8.0,,Philip Sherburne,Contributing Editor,"Fri, 02 Jun 2017 05:00:00 GMT",/reviews/albums/23341-insecurity-guard/
Still Bewitched,Look Blue Go Purple,Rock,8.3,Best new reissue,Quinn Moreland,Assistant Editor,"Fri, 02 Jun 2017 05:00:00 GMT",/reviews/albums/23338-still-bewitched/
I’m Not Your Man,Marika Hackman,Folk/Country,7.5,,Laura Snapes,Contributor,"Fri, 02 Jun 2017 05:00:00 GMT",/reviews/albums/23158-im-not-your-man/
Neva Left,Snoop Dogg,Rap,7.0,,Rebecca Haithcoat,Contributor,"Thu, 01 Jun 2017 05:00:00 GMT",/reviews/albums/23320-neva-left/
Waiting on a Song,Dan Auerbach,Rock,6.7,,Stuart Berman,Contributor,"Thu, 01 Jun 2017 05:00:00 GMT",/reviews/albums/23276-waiting-on-a-song/
Spots y Escupitajo,Elysia Crampton,Experimental,7.2,,Daniel Martin-McCormick,Contributor,"Thu, 01 Jun 2017 05:00:00 GMT",/reviews/albums/23340-spots-y-escupitajo/
Empirical House,Ricardo Villalobos,Electronic,7.3,,Philip Sherburne,Contributing Editor,"Thu, 01 Jun 2017 05:00:00 GMT",/reviews/albums/23273-empirical-house/
True to Self,Bryson Tiller,Pop/R&B,6.6,,David Turner,Contributor,"Wed, 31 May 2017 05:00:00 GMT",/reviews/albums/23339-true-to-self/
Sufi La EP,Swet Shop Boys,Rap,6.9,,Mehan Jayasuriya,Contributor,"Wed, 31 May 2017 05:00:00 GMT",/reviews/albums/23298-sufi-la-ep/
A Prayer for the Unemployed,First Hate,"Electronic, Pop/R&B",7.8,,Louis Pattison,Contributor,"Wed, 31 May 2017 05:00:00 GMT",/reviews/albums/23269-a-prayer-for-the-unemployed/
Capture,Thunder Dreamer,Rock,7.7,,Ian Cohen,Contributor,"Wed, 31 May 2017 05:00:00 GMT",/reviews/albums/23295-capture/
Black Laden Crown,Danzig,"Metal, Rock",6.4,,Andy O'Connor,Contributor,"Tue, 30 May 2017 05:00:00 GMT",/reviews/albums/23271-black-laden-crown/
MrLA,RJ,Rap,7.5,,Briana Younger,Contributor,"Tue, 30 May 2017 05:00:00 GMT",/reviews/albums/23297-mrla/
Bookhead EP,JJ DOOM,Rap,8.0,,Nate Patrin,Contributor,"Tue, 30 May 2017 05:00:00 GMT",/reviews/albums/23263-bookhead-ep/
Niggative Approach,Obnox,Rock,7.8,,Marc Masters,Contributor,"Tue, 30 May 2017 05:00:00 GMT",/reviews/albums/23248-niggative-approach/
Easter,Patti Smith Group,Rock,8.8,,Caryn Rose,Contributor,"Sun, 28 May 2017 05:00:00 GMT",/reviews/albums/23244-easter/
Is This the Life We Really Want?,Roger Waters,Rock,6.9,,Saby Reyes-Kulkarni,Contributor,"Sat, 27 May 2017 05:00:00 GMT",/reviews/albums/23266-is-this-the-life-we-really-want/
"Truth, Liberty & Soul - Live in NYC: The Complete 1982 NPR Jazz Alive! Recording",Jaco Pastorius,"Global, Jazz",8.1,,Michael J. Agovino,Contributor,"Sat, 27 May 2017 05:00:00 GMT",/reviews/albums/23126-truth-liberty-soul-live-in-nyc-the-complete-1982-npr-jazz-alive-recording/
And the Birds Flew Overhead,"Mary Lattimore, Elysse Thebner Miller",Experimental,7.8,,Andy Beta,Contributor,"Sat, 27 May 2017 05:00:00 GMT",/reviews/albums/23267-and-the-birds-flew-overhead/
Stone Garden,Kikagaku Moyo,Experimental,6.0,,Patrick St. Michel,Contributor,"Sat, 27 May 2017 05:00:00 GMT",/reviews/albums/23286-stone-garden/
Teenage Emotions,Lil Yachty,Rap,6.8,,Sheldon Pearce,Contributing Writer,"Fri, 26 May 2017 05:00:00 GMT",/reviews/albums/23246-teenage-emotions/
Voices Bloom,James Place,,7.4,,Marc Masters,Contributor,"Fri, 26 May 2017 05:00:00 GMT",/reviews/albums/23265-voices-bloom/
Mulatu Of Ethiopia,Mulatu Astatke,"Jazz, Pop/R&B, Global",8.7,Best new reissue,Erin MacLeod,Contributor,"Fri, 26 May 2017 05:00:00 GMT",/reviews/albums/23241-mulatu-of-ethiopia/
Play What They Want,Man Forever,Experimental,7.9,,Jesse Jarnow,Contributor,"Fri, 26 May 2017 05:00:00 GMT",/reviews/albums/23122-play-what-they-want/
T-Wayne,"T-Pain, Lil Wayne",Rap,6.1,,Jayson Greene,Contributing Editor,"Thu, 25 May 2017 05:00:00 GMT",/reviews/albums/23322-t-wayne/
The Following Mountain,Sam Amidon,Rock,7.0,,Brian Howe,Contributor,"Thu, 25 May 2017 05:00:00 GMT",/reviews/albums/23156-the-following-mountain/
Dreamcar,Dreamcar,Rock,5.8,,Zoe Camp,Contributor,"Thu, 25 May 2017 05:00:00 GMT",/reviews/albums/23293-dreamcar/
Close but Not Quite EP,Everything Is Recorded,Electronic,6.7,,Kevin Lozano,Tracks Coordinator,"Thu, 25 May 2017 05:00:00 GMT",/reviews/albums/23319-close-but-not-quite-ep/
You’re Welcome,Wavves,Rock,6.0,,Nina Corcoran,Contributor,"Wed, 24 May 2017 05:00:00 GMT",/reviews/albums/23261-youre-welcome/
The Magic City / No Guitars,Helium,Rock,8.5,Best new reissue,Amy Schroeder,Contributor,"Wed, 24 May 2017 05:00:00 GMT",/reviews/albums/23133-ends-with-and-the-dirt-of-luck-the-magic-city-no-guitars/
Ends With And,Helium,Rock,7.0,,Amy Schroeder,Contributor,"Wed, 24 May 2017 05:00:00 GMT",/reviews/albums/23133-ends-with-and-the-dirt-of-luck-the-magic-city-no-guitars/
The Dirt of Luck,Helium,Rock,8.0,,Amy Schroeder,Contributor,"Wed, 24 May 2017 05:00:00 GMT",/reviews/albums/23133-ends-with-and-the-dirt-of-luck-the-magic-city-no-guitars/
Shake the Shudder,!!!,Rock,7.3,,Stuart Berman,Contributor,"Wed, 24 May 2017 05:00:00 GMT",/reviews/albums/23257-shake-the-shudder/
Dr. Octagonecologyst,Dr. Octagon,"Electronic, Rap",8.7,Best new reissue,Nate Patrin,Contributor,"Wed, 24 May 2017 05:00:00 GMT",/reviews/albums/23101-dr-octagon-dr-octagonecologyst/
Singles: Original Motion Picture Soundtrack-Deluxe Edition,Various Artists,,8.7,Best new reissue,Eric Harvey,Contributor,"Tue, 23 May 2017 05:00:00 GMT",/reviews/albums/23306-singles-original-motion-picture-soundtrack-deluxe-edition/
Green Twins,Nick Hakim,Pop/R&B,7.9,,Sheldon Pearce,Contributing Writer,"Tue, 23 May 2017 05:00:00 GMT",/reviews/albums/23239-green-twins/
New Tab,Khotin,Electronic,7.8,,Philip Sherburne,Contributing Editor,"Tue, 23 May 2017 05:00:00 GMT",/reviews/albums/23088-new-tab/
The King & I,"Faith Evans, The Notorious B.I.G.","Pop/R&B, Rap",4.5,,Evan Rytlewski,Contributor,"Tue, 23 May 2017 05:00:00 GMT",/reviews/albums/23279-the-king-i/
Goths,The Mountain Goats,Rock,8.0,,Jeremy D. Larson,Senior Editor,"Mon, 22 May 2017 05:00:00 GMT",/reviews/albums/23153-goths/
Rubbish of the Floodwaters EP,Vatican Shadow,Experimental,7.2,,Andy O'Connor,Contributor,"Mon, 22 May 2017 05:00:00 GMT",/reviews/albums/23264-rubbish-of-the-floodwaters-ep/
The Never End EP,Hanna,Electronic,7.6,,Ben Cardew,Contributor,"Mon, 22 May 2017 05:00:00 GMT",/reviews/albums/23262-hanna-the-never-end-ep/
From Night to Night,New Jackson,Electronic,7.2,,Andy Beta,Contributor,"Mon, 22 May 2017 05:00:00 GMT",/reviews/albums/23233-from-night-to-night/
Rosewood Almanac,Will Stratton,"Folk/Country, Rock",7.0,,Saby Reyes-Kulkarni,Contributor,"Mon, 22 May 2017 05:00:00 GMT",/reviews/albums/23234-rosewood-almanac/
Violent Femmes,Violent Femmes,Rock,9.1,,Steven Hyden,Contributor,"Sun, 21 May 2017 05:00:00 GMT",/reviews/albums/23130-violent-femmes/
Missing Link EP,Nick Murphy,Electronic,6.2,,Patric Fallon,Contributor,"Sat, 20 May 2017 05:00:00 GMT",/reviews/albums/23291-missing-link-ep/
Shine,Wale,Rap,6.0,,Jonah Bromwich,Contributor,"Sat, 20 May 2017 05:00:00 GMT",/reviews/albums/23290-shine/
Nost,Ellen Allien,Electronic,7.6,,Stacey Anderson,Associate Features Editor,"Sat, 20 May 2017 05:00:00 GMT",/reviews/albums/23157-nost/
Agistri,Heather Trost,"Folk/Country, Rock, Pop/R&B",7.6,,Jesse Jarnow,Contributor,"Sat, 20 May 2017 05:00:00 GMT",/reviews/albums/23138-agistri/
Rocket,(Sandy) Alex G,Rock,8.4,Best new music,Ian Cohen,Contributor,"Fri, 19 May 2017 05:00:00 GMT",/reviews/albums/23127-rocket/
Common Sense,J Hus,Rap,7.8,,Paul A. Thompson,Contributor,"Fri, 19 May 2017 05:00:00 GMT",/reviews/albums/23288-common-sense/
DJ-Kicks,Michael Mayer,Electronic,7.4,,Philip Sherburne,Contributing Editor,"Fri, 19 May 2017 05:00:00 GMT",/reviews/albums/23238-dj-kicks/
United States of Horror,Ho99o9,Rap,6.7,,Zoe Camp,Contributor,"Fri, 19 May 2017 05:00:00 GMT",/reviews/albums/23289-united-states-of-horror/
Black Origami,Jlin,Electronic,8.8,Best new music,Andrew Nosnitsky,Contributor,"Thu, 18 May 2017 05:00:00 GMT",/reviews/albums/23119-black-origami/
spin,Tigers Jaw,Rock,7.2,,Ian Cohen,Contributor,"Thu, 18 May 2017 05:00:00 GMT",/reviews/albums/23096-spin/
Life After Youth,Land of Talk,Rock,7.0,,Nina Mashurova,Contributor,"Thu, 18 May 2017 05:00:00 GMT",/reviews/albums/23242-life-after-youth/
É Grau EP,MC Bin Laden,Global,7.7,,Kevin Lozano,Tracks Coordinator,"Thu, 18 May 2017 05:00:00 GMT",/reviews/albums/23259-mc-bin-laden-e-grau-ep/
Stubborn Persistent Illusions,Do Make Say Think,Rock,7.8,,Jay Balfour,Contributor,"Wed, 17 May 2017 05:00:00 GMT",/reviews/albums/23220-stubborn-persistent-illusions/
Passive Aggressive,"Jonny Nash, Suzanne Kraft","Electronic, Experimental",7.6,,Philip Sherburne,Contributing Editor,"Wed, 17 May 2017 05:00:00 GMT",/reviews/albums/23232-passive-aggressive/
Occult Architecture Vol. 2,Moon Duo,Rock,7.3,,Marc Masters,Contributor,"Wed, 17 May 2017 05:00:00 GMT",/reviews/albums/23212-occult-architecture-vol-2/
I Can Feel the Night Around Me,Nightlands,Rock,6.8,,Sam Sodomsky,Associate Staff Writer,"Wed, 17 May 2017 05:00:00 GMT",/reviews/albums/23193-i-can-feel-the-night-around-me/
Harry Styles,Harry Styles,Pop/R&B,6.8,,Jamieson Cox,Contributor,"Tue, 16 May 2017 05:00:00 GMT",/reviews/albums/23204-harry-styles/
The Bob’s Burgers Music Album,Various Artists,,6.9,,Eric Thurm,Contributor,"Tue, 16 May 2017 05:00:00 GMT",/reviews/albums/23134-the-bobs-burgers-music-album/
Routines,Hoops,Rock,7.0,,Steven Arroyo,Contributor,"Tue, 16 May 2017 05:00:00 GMT",/reviews/albums/23258-routines/
Olden Goldies,Tall Juan,Rock,6.2,,Saby Reyes-Kulkarni,Contributor,"Tue, 16 May 2017 05:00:00 GMT",/reviews/albums/23073-golden-oldies/
After Laughter,Paramore,Rock,7.5,,Ryan Dombal,Senior Editor,"Mon, 15 May 2017 05:00:00 GMT",/reviews/albums/23237-after-laughter/
PARADISO,Chino Amobi,Electronic,7.7,,Chal Ravens,Contributor,"Mon, 15 May 2017 05:00:00 GMT",/reviews/albums/23270-paradiso/
Enjoy the Great Outdoors,Spencer Radcliffe & Everyone Else,Rock,7.4,,Colin Joyce,Contributor,"Mon, 15 May 2017 05:00:00 GMT",/reviews/albums/23219-spencer-radcliffe-everyone-else-enjoy-the-great-outdoors/
Sultans of Sentiment,The Van Pelt,Rock,7.4,,Saby Reyes-Kulkarni,Contributor,"Mon, 15 May 2017 05:00:00 GMT",/reviews/albums/23230-stealing-from-our-favorite-thieves-sultans-of-sentiment/
Stealing From Our Favorite Thieves,The Van Pelt,Rock,7.4,,Saby Reyes-Kulkarni,Contributor,"Mon, 15 May 2017 05:00:00 GMT",/reviews/albums/23230-stealing-from-our-favorite-thieves-sultans-of-sentiment/
Endlings,Endlings,"Experimental, Rock",6.8,,Raymond Cummings,Contributor,"Mon, 15 May 2017 05:00:00 GMT",/reviews/albums/23203-endlings/
Reasonable Doubt,JAY-Z,Rap,9.4,,Jayson Greene,Contributing Editor,"Sun, 14 May 2017 05:00:00 GMT",/reviews/albums/23194-reasonable-doubt/
Lovely Creatures: The Best of Nick Cave & The Bad Seeds 1984-2014,Nick Cave & the Bad Seeds,Rock,8.1,,Zoe Camp,Contributor,"Sat, 13 May 2017 05:00:00 GMT",/reviews/albums/23236-lovely-creatures-the-best-of-nick-cave-the-bad-seeds-1984-2014/
ISON,Sevdaliza,"Electronic, Pop/R&B",7.7,,Saby Reyes-Kulkarni,Contributor,"Sat, 13 May 2017 05:00:00 GMT",/reviews/albums/23231-ison/
A Little Light,Slackk,,6.3,,Nate Patrin,Contributor,"Sat, 13 May 2017 05:00:00 GMT",/reviews/albums/23121-a-little-light/
Black Populous,AceMo,Electronic,7.3,,Jesse Weiss,Contributor,"Sat, 13 May 2017 05:00:00 GMT",/reviews/albums/23255-black-populous/
Powerplant,Girlpool,Rock,8.3,Best new music,Jillian Mapes,Senior Editor,"Fri, 12 May 2017 05:00:00 GMT",/reviews/albums/23213-powerplant/
Everybody,Logic,Rap,5.2,,Sheldon Pearce,Contributing Writer,"Fri, 12 May 2017 05:00:00 GMT",/reviews/albums/23163-everybody/
All the Beauty in This Whole Life,Brother Ali,Rap,7.4,,Jay Balfour,Contributor,"Fri, 12 May 2017 05:00:00 GMT",/reviews/albums/23228-all-the-beauty-in-this-whole-life/
Morningside,Fazerdaze,Pop/R&B,7.0,,David Glickman,Contributor,"Fri, 12 May 2017 05:00:00 GMT",/reviews/albums/23256-morningside/
Meeting of the Waters EP,Animal Collective,"Experimental, Rock",7.3,,Stuart Berman,Contributor,"Thu, 11 May 2017 05:00:00 GMT",/reviews/albums/23149-meeting-of-the-waters-ep/
Pollinator,Blondie,Rock,6.7,,Maura Johnston,Contributor,"Thu, 11 May 2017 05:00:00 GMT",/reviews/albums/23211-pollinator/
Thin Black Duke,Oxbow,Metal,7.3,,Zoe Camp,Contributor,"Thu, 11 May 2017 05:00:00 GMT",/reviews/albums/23192-thin-black-duke/
The Imperfect Sea,Penguin Cafe,Experimental,6.4,,Andy Beta,Contributor,"Thu, 11 May 2017 05:00:00 GMT",/reviews/albums/23229-the-imperfect-sea/
World Spirituality Classics 1: The Ecstatic Music of Alice Coltrane Turiyasangitananda,Alice Coltrane,Jazz,8.8,Best new reissue,Jenn Pelly,Associate Reviews Editor,"Wed, 10 May 2017 05:00:00 GMT",/reviews/albums/23135-world-spirituality-classics-1-the-ecstatic-music-of-alice-coltrane-turiyasangitananda/
White Knight,Todd Rundgren,Rock,6.6,,Sam Sodomsky,Associate Staff Writer,"Wed, 10 May 2017 05:00:00 GMT",/reviews/albums/23123-white-knight/
Real High,Nite Jewel,Pop/R&B,7.5,,Erin Vanderhoof,Contributor,"Wed, 10 May 2017 05:00:00 GMT",/reviews/albums/23152-real-high/
Finding People EP,Croatian Amor,Electronic,6.3,,Daniel Martin-McCormick,Contributor,"Wed, 10 May 2017 05:00:00 GMT",/reviews/albums/23217-finding-people-ep/
in•ter a•li•a,At the Drive In,Rock,5.8,,Ian Cohen,Contributor,"Tue, 09 May 2017 05:00:00 GMT",/reviews/albums/23099-inter-alia/
Halo,Juana Molina,Folk/Country,8.0,,Matthew Ismael Ruiz,Contributor,"Tue, 09 May 2017 05:00:00 GMT",/reviews/albums/23124-halo/
Best Troubador,Bonnie “Prince” Billy,Folk/Country,7.4,,Sam Sodomsky,Associate Staff Writer,"Tue, 09 May 2017 05:00:00 GMT",/reviews/albums/23120-best-troubador/
Trumpeting Ecstasy,Full of Hell,Metal,7.7,,Zoe Camp,Contributor,"Tue, 09 May 2017 05:00:00 GMT",/reviews/albums/23129-trumpeting-ecstasy/
Slowdive,Slowdive,Rock,8.6,Best new music,Sean T. Collins,Contributor,"Mon, 08 May 2017 05:00:00 GMT",/reviews/albums/23254-slowdive/
Satan’s graffiti or God’s art?,Black Lips,Rock,6.6,,Stuart Berman,Contributor,"Mon, 08 May 2017 05:00:00 GMT",/reviews/albums/23164-satans-graffiti-or-gods-art/
Joan Shelley,Joan Shelley,Folk/Country,7.6,,Laura Snapes,Contributor,"Mon, 08 May 2017 05:00:00 GMT",/reviews/albums/23095-joan-shelley/
I,Niia,Pop/R&B,7.1,,Marcus J. Moore,Contributor,"Mon, 08 May 2017 05:00:00 GMT",/reviews/albums/23191-i/
Mixtape IV,Horse Lords,Experimental,7.0,,Seth Colter Walls,Contributor,"Mon, 08 May 2017 05:00:00 GMT",/reviews/albums/23227-mixtape-iv/
Dookie,Green Day,Rock,8.7,,Marc Hogan,Senior Staff Writer,"Sun, 07 May 2017 05:00:00 GMT",/reviews/albums/23226-dookie/
May 1977: Get Shown the Light,Grateful Dead,Rock,9.0,Best new reissue,Jesse Jarnow,Contributor,"Sat, 06 May 2017 05:00:00 GMT",/reviews/albums/23168-may-1977-get-shown-the-light/
Compassion,Forest Swords,Experimental,7.8,,Nathan Reese,Contributor,"Sat, 06 May 2017 05:00:00 GMT",/reviews/albums/23128-compassion/
Laughter,Tiny Vipers,Experimental,7.7,,Sam Sodomsky,Associate Staff Writer,"Sat, 06 May 2017 05:00:00 GMT",/reviews/albums/23169-tiny-vipers-laughter/
Grey EP,Kweku Collins,Rap,7.6,,Briana Younger,Contributor,"Sat, 06 May 2017 05:00:00 GMT",/reviews/albums/23251-grey-ep/
No Shape,Perfume Genius,Pop/R&B,8.8,Best new music,Laura Snapes,Contributor,"Fri, 05 May 2017 05:00:00 GMT",/reviews/albums/23137-no-shape/
In Spades,The Afghan Whigs,Rock,7.6,,Stuart Berman,Contributor,"Fri, 05 May 2017 05:00:00 GMT",/reviews/albums/23162-in-spades/
All Blue,G Perico,Rap,7.9,,Paul A. Thompson,Contributor,"Fri, 05 May 2017 05:00:00 GMT",/reviews/albums/23252-all-blue/
Blob on a Grid,Cabo Boing,Experimental,7.5,,Colin Joyce,Contributor,"Fri, 05 May 2017 05:00:00 GMT",/reviews/albums/23218-cabo-boing-blob-on-a-grid/
This Old Dog,Mac DeMarco,Rock,7.9,,Mark Richardson,Executive Editor,"Thu, 04 May 2017 05:00:00 GMT",/reviews/albums/23125-this-old-dog/
The Weather,Pond,Rock,7.7,,Saby Reyes-Kulkarni,Contributor,"Thu, 04 May 2017 05:00:00 GMT",/reviews/albums/23161-the-weather/
HOWSLA,Various Artists,,5.8,,Philip Sherburne,Contributing Editor,"Thu, 04 May 2017 05:00:00 GMT",/reviews/albums/23225-howsla/
Early Recordings,Priests,Rock,7.8,,Quinn Moreland,Assistant Editor,"Thu, 04 May 2017 05:00:00 GMT",/reviews/albums/23235-early-recordings/
Carrie & Lowell Live,Sufjan Stevens,Folk/Country,7.7,,Sam Sodomsky,Associate Staff Writer,"Wed, 03 May 2017 05:00:00 GMT",/reviews/albums/23249-carrie-lowell-live/
9,Cashmere Cat,Electronic,6.1,,Andy Beta,Contributor,"Wed, 03 May 2017 05:00:00 GMT",/reviews/albums/23055-9/
Grafts,Kara-Lis Coverdale,Electronic,7.7,,Thea Ballard,Contributor,"Wed, 03 May 2017 05:00:00 GMT",/reviews/albums/23224-grafts/
The Gag File,Aaron Dilloway,Experimental,7.6,,Daniel Martin-McCormick,Contributor,"Wed, 03 May 2017 05:00:00 GMT",/reviews/albums/23216-the-gag-file/
Volume 1,BNQT,Rock,5.8,,Philip Cosores,Contributor,"Tue, 02 May 2017 05:00:00 GMT",/reviews/albums/23202-volume-1/
All This I Do for Glory,Colin Stetson,Experimental,7.1,,Jayson Greene,Contributing Editor,"Tue, 02 May 2017 05:00:00 GMT",/reviews/albums/23151-all-this-i-do-for-glory/
"I Love You, Go Away",Autarkic,Electronic,6.6,,Andy Beta,Contributor,"Tue, 02 May 2017 05:00:00 GMT",/reviews/albums/23201-i-love-you-go-away/
Untitled,WALL,Rock,7.6,,Quinn Moreland,Assistant Editor,"Tue, 02 May 2017 05:00:00 GMT",/reviews/albums/23189-untitled/
Strength of a Woman,Mary J. Blige,Pop/R&B,7.7,,Julianne Escobedo Shepherd,Contributor,"Mon, 01 May 2017 05:00:00 GMT",/reviews/albums/23167-strength-of-a-woman/
async,Ryuichi Sakamoto,"Electronic, Global",8.0,,Andy Beta,Contributor,"Mon, 01 May 2017 05:00:00 GMT",/reviews/albums/23118-async/
Sophia Kennedy,Sophia Kennedy,Electronic,7.8,,Philip Sherburne,Contributing Editor,"Mon, 01 May 2017 05:00:00 GMT",/reviews/albums/23190-sophia-kennedy/
Pussycat,Juliana Hatfield,Rock,6.8,,Evan Rytlewski,Contributor,"Mon, 01 May 2017 05:00:00 GMT",/reviews/albums/23223-pussycat/
Gargoyle,Mark Lanegan Band,Rock,6.3,,Saby Reyes-Kulkarni,Contributor,"Mon, 01 May 2017 05:00:00 GMT",/reviews/albums/23097-gargoyle/
In on the Kill Taker,Fugazi,Rock,8.6,,Jason Diamond,Contributor,"Sun, 30 Apr 2017 05:00:00 GMT",/reviews/albums/23209-in-on-the-kill-taker/
God’s Problem Child,Willie Nelson,Rock,7.6,,Andy Beta,Contributor,"Sat, 29 Apr 2017 05:00:00 GMT",/reviews/albums/23084-gods-problem-child/
What Mountain,ANAMAI,Experimental,6.8,,Louis Pattison,Contributor,"Sat, 29 Apr 2017 05:00:00 GMT",/reviews/albums/23182-what-mountain/
Whatever Makes U Happy,JMSN,Pop/R&B,6.3,,Elias Leight,Contributor,"Sat, 29 Apr 2017 05:00:00 GMT",/reviews/albums/23195-whatever-makes-u-happy/
The Great Annihilator,"Swans, Michael Gira","Rock, Experimental",7.2,,Saby Reyes-Kulkarni,Contributor,"Sat, 29 Apr 2017 05:00:00 GMT",/reviews/albums/23166-the-great-annihilator-drainland/
Drainland,"Swans, Michael Gira","Rock, Experimental",7.4,,Saby Reyes-Kulkarni,Contributor,"Sat, 29 Apr 2017 05:00:00 GMT",/reviews/albums/23166-the-great-annihilator-drainland/
Humanz,Gorillaz,"Electronic, Rock",6.9,,Jayson Greene,Contributing Editor,"Fri, 28 Apr 2017 05:00:00 GMT",/reviews/albums/23146-humanz/
Rock n Roll Consciousness,Thurston Moore,Rock,7.7,,Stuart Berman,Contributor,"Fri, 28 Apr 2017 05:00:00 GMT",/reviews/albums/23150-rock-n-roll-consciousness/
Snow,The New Year,Rock,7.4,,Paul Thompson,Contributor,"Fri, 28 Apr 2017 05:00:00 GMT",/reviews/albums/23210-snow/
Shanghai,College,Experimental,5.9,,Philip Sherburne,Contributing Editor,"Fri, 28 Apr 2017 05:00:00 GMT",/reviews/albums/23188-shanghai/
Pleasure,Feist,Rock,7.7,,Jillian Mapes,Senior Editor,"Thu, 27 Apr 2017 05:00:00 GMT",/reviews/albums/23100-pleasure/
How I Creep,Collin Strange,Electronic,6.8,,Thea Ballard,Contributor,"Thu, 27 Apr 2017 05:00:00 GMT",/reviews/albums/23199-collin-strange-how-i-creep/
Hétérozygote / Petite symphonie intuitive pour un paysage de printemps,Luc Ferrari,"Experimental, Rock",8.0,,Andy Beta,Contributor,"Thu, 27 Apr 2017 05:00:00 GMT",/reviews/albums/23185-tinguely-1967-heterozygote-petite-symphonie-intuitive-pour-un-paysage-de-printemps/
Tinguely 1967,Luc Ferrari,"Experimental, Rock",6.8,,Andy Beta,Contributor,"Thu, 27 Apr 2017 05:00:00 GMT",/reviews/albums/23185-tinguely-1967-heterozygote-petite-symphonie-intuitive-pour-un-paysage-de-printemps/
Digital-Dance,Software,Electronic,6.5,,Kevin Lozano,Tracks Coordinator,"Thu, 27 Apr 2017 05:00:00 GMT",/reviews/albums/23086-digital-dance/
What Now,Sylvan Esso,Pop/R&B,7.2,,Stacey Anderson,Associate Features Editor,"Wed, 26 Apr 2017 05:00:00 GMT",/reviews/albums/23081-what-now/
Visuals,Mew,Rock,6.2,,Saby Reyes-Kulkarni,Contributor,"Wed, 26 Apr 2017 05:00:00 GMT",/reviews/albums/23117-visuals/
Tara Jane O’Neil,Tara Jane O’Neil,Folk/Country,7.5,,Quinn Moreland,Assistant Editor,"Wed, 26 Apr 2017 05:00:00 GMT",/reviews/albums/23181-tara-jane-oneil/
Significant Weather,Real Life Buildings,Rock,6.5,,Zoe Camp,Contributor,"Wed, 26 Apr 2017 05:00:00 GMT",/reviews/albums/23187-significant-weather/
"Hammersmith Odeon, London ’75",Bruce Springsteen and the E Street Band,Rock,9.2,,Sam Sodomsky,Associate Staff Writer,"Tue, 25 Apr 2017 05:00:00 GMT",/reviews/albums/23115-hammersmith-odeon-london-75/
Midnight Moonlight EP,Ravyn Lenae,Pop/R&B,7.8,,Marcus J. Moore,Contributor,"Tue, 25 Apr 2017 05:00:00 GMT",/reviews/albums/23183-midnight-moonlight-ep/
My Moment,Tee Grizzley,Rap,7.2,,Paul A. Thompson,Contributor,"Tue, 25 Apr 2017 05:00:00 GMT",/reviews/albums/23184-my-moment/
TOSS,Shugo Tokumaru,Experimental,6.3,,Mehan Jayasuriya,Contributor,"Tue, 25 Apr 2017 05:00:00 GMT",/reviews/albums/23080-toss/
Love Is Love,Woods,Rock,6.8,,Philip Cosores,Contributor,"Mon, 24 Apr 2017 05:00:00 GMT",/reviews/albums/23105-love-is-love/
Look at the Powerful People,Formation,Rock,4.2,,Ian Cohen,Contributor,"Mon, 24 Apr 2017 05:00:00 GMT",/reviews/albums/23090-look-at-the-powerful-people/
Dissonance,Valgeir Sigurðsson,Experimental,6.7,,Seth Colter Walls,Contributor,"Mon, 24 Apr 2017 05:00:00 GMT",/reviews/albums/23180-dissonance/
Odd Hours,Caddywhompus,Rock,7.8,,Patric Fallon,Contributor,"Mon, 24 Apr 2017 05:00:00 GMT",/reviews/albums/23200-odd-hours/
Ledyanoy Album,Nocow,Electronic,7.4,,Jesse Weiss,Contributor,"Mon, 24 Apr 2017 05:00:00 GMT",/reviews/albums/23179-ledyanoy-album/
Dummy,Portishead,Electronic,9.5,,Philip Sherburne,Contributing Editor,"Sun, 23 Apr 2017 05:00:00 GMT",/reviews/albums/23079-dummy/
Playboi Carti,Playboi Carti,Rap,7.3,,Briana Younger,Contributor,"Sat, 22 Apr 2017 05:00:00 GMT",/reviews/albums/23196-playboi-carti/
Key,Meredith Monk,Experimental,8.7,Best new reissue,Seth Colter Walls,Contributor,"Sat, 22 Apr 2017 05:00:00 GMT",/reviews/albums/23186-key/
Back to the Basics,Rich Homie Quan,Rap,7.5,,Paul A. Thompson,Contributor,"Sat, 22 Apr 2017 05:00:00 GMT",/reviews/albums/23197-back-to-the-basics/
Disciples of Blood,Golden Pelicans,Rock,7.5,,Evan Minsker,Deputy News Editor,"Sat, 22 Apr 2017 05:00:00 GMT",/reviews/albums/23040-disciples-of-blood/
Narkopop,GAS,Electronic,8.8,Best new music,Mark Richardson,Executive Editor,"Fri, 21 Apr 2017 05:00:00 GMT",/reviews/albums/23083-narkopop/
Guppy,Charly Bliss,Rock,7.8,,Katherine St. Asaph,Contributor,"Fri, 21 Apr 2017 05:00:00 GMT",/reviews/albums/23085-guppy/
Hotep,Blue Iverson,Pop/R&B,7.5,,Patric Fallon,Contributor,"Fri, 21 Apr 2017 05:00:00 GMT",/reviews/albums/23198-hotep/
Territory EP,The Blaze,Electronic,5.8,,Philip Sherburne,Contributing Editor,"Fri, 21 Apr 2017 05:00:00 GMT",/reviews/albums/23177-territory-ep/
Hope,Shamir,Pop/R&B,6.0,,Cameron Cook,Contributor,"Thu, 20 Apr 2017 05:00:00 GMT",/reviews/albums/23208-hope/
Devout,Mr. Mitch,Electronic,7.2,,Louis Pattison,Contributor,"Thu, 20 Apr 2017 05:00:00 GMT",/reviews/albums/23165-mr-mitch-devout/
Motor City,J Dilla,Rap,6.8,,Nate Patrin,Contributor,"Thu, 20 Apr 2017 05:00:00 GMT",/reviews/albums/23108-motor-city/
Bloodroot,Kelly Moran,Experimental,7.8,,Seth Colter Walls,Contributor,"Thu, 20 Apr 2017 05:00:00 GMT",/reviews/albums/23174-bloodroot/
The Search for Everything,John Mayer,Rock,4.9,,Katherine St. Asaph,Contributor,"Wed, 19 Apr 2017 05:00:00 GMT",/reviews/albums/23113-the-search-for-everything/
Belong,San Fermin,Rock,5.8,,Marc Hogan,Senior Staff Writer,"Wed, 19 Apr 2017 05:00:00 GMT",/reviews/albums/23159-belong/
Taster,Hovvdy,Rock,7.3,,Colin Joyce,Contributor,"Wed, 19 Apr 2017 05:00:00 GMT",/reviews/albums/23175-taster/
Belladonna of Sadness,Alexandra Savior,Pop/R&B,6.0,,Hilary Hughes,Contributor,"Wed, 19 Apr 2017 05:00:00 GMT",/reviews/albums/23176-belladonna-of-sadness/
DAMN.,Kendrick Lamar,Rap,9.2,Best new music,Matthew Trammell,Contributor,"Tue, 18 Apr 2017 05:00:00 GMT",/reviews/albums/23147-damn/
Americana,Ray Davies,Rock,7.3,,Barry Walters,Contributor,"Tue, 18 Apr 2017 05:00:00 GMT",/reviews/albums/23104-americana/
Thelonious Monk: Les Liaisons Dangereuses 1960,Thelonious Monk,Jazz,8.7,Best new reissue,Michael J. Agovino,Contributor,"Tue, 18 Apr 2017 05:00:00 GMT",/reviews/albums/23116-thelonious-monk-thelonious-monk-les-liaisons-dangereuses-1960/
Big Day,Loose Tooth,Rock,6.6,,Zoe Camp,Contributor,"Tue, 18 Apr 2017 05:00:00 GMT",/reviews/albums/23178-big-day/
Electric Lines,Joe Goddard,Electronic,7.2,,Cameron Cook,Contributor,"Mon, 17 Apr 2017 05:00:00 GMT",/reviews/albums/23106-electric-lines/
Light Sleep,Phew,Experimental,7.4,,Andy Beta,Contributor,"Mon, 17 Apr 2017 05:00:00 GMT",/reviews/albums/23160-light-sleep/
Cuidado Madame,Arto Lindsay,Experimental,7.5,,Alfred Soto,Contributor,"Mon, 17 Apr 2017 05:00:00 GMT",/reviews/albums/23082-cuidado-madame/
Sonatra,"Vicky Chow, Michael Gordon",Experimental,7.5,,Seth Colter Walls,Contributor,"Mon, 17 Apr 2017 05:00:00 GMT",/reviews/albums/23054-sonatra/
Damaged,Black Flag,Rock,9.2,,Matthew Schnipper,Managing Editor,"Sun, 16 Apr 2017 05:00:00 GMT",/reviews/albums/23077-black-flag-damaged/
Darling of the Afterglow,Lydia Ainsworth,Experimental,6.6,,Rachel Hahn,Contributor,"Sat, 15 Apr 2017 05:00:00 GMT",/reviews/albums/23144-darling-of-the-afterglow/
Collected Pieces,Mary Lattimore,Experimental,7.6,,Marc Masters,Contributor,"Sat, 15 Apr 2017 05:00:00 GMT",/reviews/albums/23076-collected-pieces/
Over the Edge,Connoisseur,Metal,6.4,,Saby Reyes-Kulkarni,Contributor,"Sat, 15 Apr 2017 05:00:00 GMT",/reviews/albums/23075-over-the-edge/
Miracle Steps (Music From the Fourth World 1983-2017),Various Artists,,8.3,,Andy Beta,Contributor,"Sat, 15 Apr 2017 05:00:00 GMT",/reviews/albums/23141-miracle-steps-music-from-the-fourth-world-1983-2017/
Season High,Little Dragon,Electronic,5.6,,Evan Rytlewski,Contributor,"Fri, 14 Apr 2017 05:00:00 GMT",/reviews/albums/23170-season-high/
The Wild,Raekwon,Rap,7.4,,Matthew Ismael Ruiz,Contributor,"Fri, 14 Apr 2017 05:00:00 GMT",/reviews/albums/23145-the-wild/
Ruff Hysteria,DJ Seinfeld,Electronic,6.9,,Chal Ravens,Contributor,"Fri, 14 Apr 2017 05:00:00 GMT",/reviews/albums/23072-ruff-hysteria/
Queen Elizabitch,CupcaKke,Rap,7.6,,Briana Younger,Contributor,"Fri, 14 Apr 2017 05:00:00 GMT",/reviews/albums/23173-queen-elizabitch/
Tremendous Sea of Love,Passion Pit,Pop/R&B,7.5,,Ian Cohen,Contributor,"Thu, 13 Apr 2017 05:00:00 GMT",/reviews/albums/23142-tremendous-sea-of-love/
Bloodlust,Body Count,"Metal, Rap",5.7,,Saby Reyes-Kulkarni,Contributor,"Thu, 13 Apr 2017 05:00:00 GMT",/reviews/albums/23038-bloodlust/
Thunder of the Gods,Sun Ra and His Arkestra,Jazz,8.0,,Sheldon Pearce,Contributing Writer,"Thu, 13 Apr 2017 05:00:00 GMT",/reviews/albums/23102-thunder-of-the-gods/
Soundcheck,Section Boyz,Rap,6.6,,Matthew Ismael Ruiz,Contributor,"Thu, 13 Apr 2017 05:00:00 GMT",/reviews/albums/23114-soundcheck/
AZD,Actress,Electronic,7.9,,Thea Ballard,Contributor,"Wed, 12 Apr 2017 05:00:00 GMT",/reviews/albums/23078-azd/
Mista Thug Isolation,Lil Ugly Mane,Rap,8.2,,Andy O'Connor,Contributor,"Wed, 12 Apr 2017 05:00:00 GMT",/reviews/albums/23067-mista-thug-isolation/
Siberia,Vanbot,Electronic,6.0,,Philip Sherburne,Contributing Editor,"Wed, 12 Apr 2017 05:00:00 GMT",/reviews/albums/23098-siberia/
LINES,Allan Kingdom,Rap,7.4,,Sheldon Pearce,Contributing Writer,"Wed, 12 Apr 2017 05:00:00 GMT",/reviews/albums/23093-lines/
Memories...Do Not Open,The Chainsmokers,Electronic,4.2,,Philip Sherburne,Contributing Editor,"Tue, 11 Apr 2017 05:00:00 GMT",/reviews/albums/23148-memoriesdo-not-open/
At What Cost,GoldLink,Rap,7.5,,Mehan Jayasuriya,Contributor,"Tue, 11 Apr 2017 05:00:00 GMT",/reviews/albums/23109-at-what-cost/
August by Cake,Guided by Voices,Rock,7.1,,Saby Reyes-Kulkarni,Contributor,"Tue, 11 Apr 2017 05:00:00 GMT",/reviews/albums/23094-august-by-cake/
Arla II EP,Overmono,Electronic,7.4,,Andrew Gaerig,Contributor,"Tue, 11 Apr 2017 05:00:00 GMT",/reviews/albums/23112-arla-ii-ep/
The Far Field,Future Islands,Rock,7.6,,Laura Snapes,Contributor,"Mon, 10 Apr 2017 05:00:00 GMT",/reviews/albums/23015-future-islands-the-far-field/
All-Amerikkkan Bada$$,Joey Bada$$,Rap,6.4,,Matthew Strauss,Associate Editor,"Mon, 10 Apr 2017 05:00:00 GMT",/reviews/albums/23092-all-amerikkkan-bada/
Nordic Flora Series Pt. 3: Gore-Tex City,Varg,Electronic,7.2,,Philip Sherburne,Contributing Editor,"Mon, 10 Apr 2017 05:00:00 GMT",/reviews/albums/23039-nordic-flora-series-pt-3-gore-tex-city/
Pleasure Suck,The Spirit of the Beehive,Rock,6.8,,Ian Cohen,Contributor,"Mon, 10 Apr 2017 05:00:00 GMT",/reviews/albums/23139-pleasure-suck/
Rules,Annie Hardy,Rock,7.3,,Erin Vanderhoof,Contributor,"Mon, 10 Apr 2017 05:00:00 GMT",/reviews/albums/23068-rules/
Love Deluxe,Sade,Pop/R&B,9.3,,Brad Nelson,Contributor,"Sun, 09 Apr 2017 05:00:00 GMT",/reviews/albums/23069-love-deluxe/
Whiteout Conditions,The New Pornographers,Rock,7.2,,Stacey Anderson,Associate Features Editor,"Sat, 08 Apr 2017 05:00:00 GMT",/reviews/albums/23070-whiteout-conditions/
Short Passing Game,Davy Kehoe,Electronic,7.7,,Philip Sherburne,Contributing Editor,"Sat, 08 Apr 2017 05:00:00 GMT",/reviews/albums/23066-short-passing-game/
Adios,Cory Branan,Rock,7.5,,Stephen M. Deusner,Contributor,"Sat, 08 Apr 2017 05:00:00 GMT",/reviews/albums/23091-adios/
Death Peak,Clark,Electronic,7.4,,Brian Howe,Contributor,"Sat, 08 Apr 2017 05:00:00 GMT",/reviews/albums/23074-clark-death-peak/
Pure Comedy,Father John Misty,Rock,7.6,,Jazz Monroe,Associate Staff Writer,"Fri, 07 Apr 2017 05:00:00 GMT",/reviews/albums/23013-pure-comedy/
Swear I’m Good at This,Diet Cig,Rock,5.1,,Quinn Moreland,Assistant Editor,"Fri, 07 Apr 2017 05:00:00 GMT",/reviews/albums/23014-swear-im-good-at-this/
The World’s Best American Band,White Reaper,Rock,8.0,,Ian Cohen,Contributor,"Fri, 07 Apr 2017 05:00:00 GMT",/reviews/albums/23064-the-worlds-best-american-band/
FROM DEEWEE,Soulwax,Electronic,7.0,,Saby Reyes-Kulkarni,Contributor,"Fri, 07 Apr 2017 05:00:00 GMT",/reviews/albums/23061-from-deewee/
Triplicate,Bob Dylan,Rock,6.5,,Mike Powell,Contributor,"Thu, 06 Apr 2017 05:00:00 GMT",/reviews/albums/23041-triplicate/
Cellular Automata,Dopplereffekt,Electronic,7.3,,Daniel Martin-McCormick,Contributor,"Thu, 06 Apr 2017 05:00:00 GMT",/reviews/albums/23071-cellular-automata/
Silver Haze,Aye Nako,Rock,7.9,,Matthew Ismael Ruiz,Contributor,"Thu, 06 Apr 2017 05:00:00 GMT",/reviews/albums/23023-silver-haze/
Simultonality,"Joshua Abrams, Natural Information Society",Experimental,8.1,,Marc Masters,Contributor,"Thu, 06 Apr 2017 05:00:00 GMT",/reviews/albums/22964-simultonality/
Arca,Arca,Experimental,8.5,Best new music,Kevin Lozano,Tracks Coordinator,"Wed, 05 Apr 2017 05:00:00 GMT",/reviews/albums/23063-arca/
Mystic 100's,Milk Music,Rock,7.6,,Nina Mashurova,Contributor,"Wed, 05 Apr 2017 05:00:00 GMT",/reviews/albums/23103-mystic-100s/
Corpus I,Show Me the Body,Rock,6.0,,Zoe Camp,Contributor,"Wed, 05 Apr 2017 05:00:00 GMT",/reviews/albums/23107-show-me-the-body-corpus-i/
Welcome to Paradise: Italian Dream House 1989-93 Vol 1,Various Artists,,8.2,,Andy Beta,Contributor,"Wed, 05 Apr 2017 05:00:00 GMT",/reviews/albums/23007-various-artists-welcome-to-paradise-italian-dream-house-1989-93/
Welcome to Paradise: Italian Dream House 1989-93 Vol 2,Various Artists,,8.0,,Andy Beta,Contributor,"Wed, 05 Apr 2017 05:00:00 GMT",/reviews/albums/23007-various-artists-welcome-to-paradise-italian-dream-house-1989-93/
Mono No Aware,Various Artists,,8.6,Best new music,Mark Richardson,Executive Editor,"Tue, 04 Apr 2017 05:00:00 GMT",/reviews/albums/23111-mono-no-aware/
Silver/Lead,Wire,Rock,7.1,,Marc Masters,Contributor,"Tue, 04 Apr 2017 05:00:00 GMT",/reviews/albums/23011-wire-silverlead/
Automaton,Jamiroquai,Jazz,7.0,,Steven J. Horowitz,Contributor,"Tue, 04 Apr 2017 05:00:00 GMT",/reviews/albums/23062-automaton/
Eternal Something,Daniel Brandt,Experimental,7.6,,Jay Balfour,Contributor,"Tue, 04 Apr 2017 05:00:00 GMT",/reviews/albums/23056-eternal-something/
Tribute to Ndiouga Dieng,Orchestra Baobab,Global,7.5,,Andy Beta,Contributor,"Tue, 04 Apr 2017 05:00:00 GMT",/reviews/albums/23021-tribute-to-ndiouga-dieng/
Emperor of Sand,Mastodon,Metal,7.6,,Saby Reyes-Kulkarni,Contributor,"Mon, 03 Apr 2017 05:00:00 GMT",/reviews/albums/23019-emperor-of-sand/
In the Same Room,Julia Holter,Pop/R&B,7.6,,Sam Lefebvre,Contributor,"Mon, 03 Apr 2017 05:00:00 GMT",/reviews/albums/22967-in-the-same-room/
Let the Dancers Inherit the Party,British Sea Power,Rock,7.3,,Stuart Berman,Contributor,"Mon, 03 Apr 2017 05:00:00 GMT",/reviews/albums/23058-let-the-dancers-inherit-the-party/
The Awakening,Ahmad Jamal,Jazz,8.0,,Michael J. Agovino,Contributor,"Mon, 03 Apr 2017 05:00:00 GMT",/reviews/albums/23042-the-awakening/
Liquid Liquid EP,Liquid Liquid,"Electronic, Experimental, Rock",9.2,,Sasha Frere-Jones,Contributor,"Sun, 02 Apr 2017 05:00:00 GMT",/reviews/albums/23052-liquid-liquid-ep-successive-reflexes-ep-optimo-ep/
Successive Reflexes EP,Liquid Liquid,"Electronic, Experimental, Rock",9.1,,Sasha Frere-Jones,Contributor,"Sun, 02 Apr 2017 05:00:00 GMT",/reviews/albums/23052-liquid-liquid-ep-successive-reflexes-ep-optimo-ep/
Optimo EP,Liquid Liquid,"Electronic, Experimental, Rock",10.0,,Sasha Frere-Jones,Contributor,"Sun, 02 Apr 2017 05:00:00 GMT",/reviews/albums/23052-liquid-liquid-ep-successive-reflexes-ep-optimo-ep/
Rather You Than Me,Rick Ross,Rap,6.9,,Paul A. Thompson,Contributor,"Sat, 01 Apr 2017 05:00:00 GMT",/reviews/albums/23110-rather-you-than-me/
